1,Bulbasaur,49,5120,70,318,45,49,1059860,0.7,45,88.1,65,65,45,grass,poison,6.9,1,0
2,Ivysaur,62,5120,70,405,45,63,1059860,1.0,60,88.1,80,80,60,grass,poison,13.0,1,0
3,Venusaur,100,5120,70,625,45,123,1059860,2.0,80,88.1,122,120,80,grass,poison,100.0,1,0
4,Charmander,52,5120,70,309,45,43,1059860,0.6,39,88.1,60,50,65,fire,,8.5,1,0
5,Charmeleon,64,5120,70,405,45,58,1059860,1.1,58,88.1,80,65,80,fire,,19.0,1,0
6,Charizard,104,5120,70,634,45,78,1059860,1.7,78,88.1,159,115,100,fire,flying,90.5,1,0
7,Squirtle,48,5120,70,314,45,65,1059860,0.5,44,88.1,50,64,43,water,,9.0,1,0
8,Wartortle,63,5120,70,405,45,80,1059860,1.0,59,88.1,65,80,58,water,,22.5,1,0
9,Blastoise,103,5120,70,630,45,120,1059860,1.6,79,88.1,135,115,78,water,,85.5,1,0
10,Caterpie,30,3840,70,195,255,35,1000000,0.3,45,50.0,20,20,45,bug,,2.9,1,0
11,Metapod,20,3840,70,205,120,55,1000000,0.7,50,50.0,25,25,30,bug,,9.9,1,0
12,Butterfree,45,3840,70,395,45,50,1000000,1.1,60,50.0,90,80,70,bug,flying,32.0,1,0
13,Weedle,35,3840,70,195,255,30,1000000,0.3,40,50.0,20,20,50,bug,poison,3.2,1,0
14,Kakuna,25,3840,70,205,120,50,1000000,0.6,45,50.0,25,25,35,bug,poison,10.0,1,0
15,Beedrill,150,3840,70,495,45,40,1000000,1.0,65,50.0,15,80,145,bug,poison,29.5,1,0
16,Pidgey,45,3840,70,251,255,40,1059860,0.3,40,50.0,35,35,56,normal,flying,1.8,1,0
17,Pidgeotto,60,3840,70,349,120,55,1059860,1.1,63,50.0,50,50,71,normal,flying,30.0,1,0
18,Pidgeot,80,3840,70,579,45,80,1059860,1.5,83,50.0,135,80,121,normal,flying,39.5,1,0
19,Rattata,56,3840,70,253,255,35,1000000,,30,50.0,25,35,72,normal,dark,,1,0
20,Raticate,71,3840,70,413,127,70,1000000,,75,50.0,40,80,77,normal,dark,,1,0
21,Spearow,60,3840,70,262,255,30,1000000,0.3,40,50.0,31,31,70,normal,flying,2.0,1,0
22,Fearow,90,3840,70,442,90,65,1000000,1.2,65,50.0,61,61,100,normal,flying,38.0,1,0
23,Ekans,60,5120,70,288,255,44,1000000,2.0,35,50.0,40,54,55,poison,,6.9,1,0
24,Arbok,95,5120,70,448,90,69,1000000,3.5,60,50.0,65,79,80,poison,,65.0,1,0
25,Pikachu,55,2560,70,320,190,40,1000000,0.4,35,50.0,50,50,90,electric,,6.0,1,0
26,Raichu,85,2560,70,485,75,50,1000000,,60,50.0,95,85,110,electric,electric,,1,0
27,Sandshrew,75,5120,70,300,255,90,1000000,,50,50.0,10,35,40,ground,ice,,1,0
28,Sandslash,100,5120,70,450,90,120,1000000,,75,50.0,25,65,65,ground,ice,,1,0
29,Nidoran♀,47,5120,70,275,235,52,1059860,0.4,55,0.0,40,40,41,poison,,7.0,1,0
30,Nidorina,62,5120,70,365,120,67,1059860,0.8,70,0.0,55,55,56,poison,,20.0,1,0
31,Nidoqueen,92,5120,70,505,45,87,1059860,1.3,90,0.0,75,85,76,poison,ground,60.0,1,0
32,Nidoran♂,57,5120,70,273,235,40,1059860,0.5,46,100.0,40,40,50,poison,,9.0,1,0
33,Nidorino,72,5120,70,365,120,57,1059860,0.9,61,100.0,55,55,65,poison,,19.5,1,0
34,Nidoking,102,5120,70,505,45,77,1059860,1.4,81,100.0,85,75,85,poison,ground,62.0,1,0
35,Clefairy,45,2560,140,323,150,48,800000,0.6,70,24.6,60,65,35,fairy,,7.5,1,0
36,Clefable,70,2560,140,483,25,73,800000,1.3,95,24.6,95,90,60,fairy,,40.0,1,0
37,Vulpix,41,5120,70,299,190,40,1000000,,38,24.6,50,65,65,fire,ice,,1,0
38,Ninetales,67,5120,70,505,75,75,1000000,,73,24.6,81,100,109,fire,ice,,1,0
39,Jigglypuff,45,2560,70,270,170,20,800000,0.5,115,24.6,45,25,20,normal,fairy,5.5,1,0
40,Wigglytuff,70,2560,70,435,50,45,800000,1.0,140,24.6,85,50,45,normal,fairy,12.0,1,0
41,Zubat,45,3840,70,245,255,35,1000000,0.8,40,50.0,30,40,55,poison,flying,7.5,1,0
42,Golbat,80,3840,70,455,90,70,1000000,1.6,75,50.0,65,75,90,poison,flying,55.0,1,0
43,Oddish,50,5120,70,320,255,55,1059860,0.5,45,50.0,75,65,30,grass,poison,5.4,1,0
44,Gloom,65,5120,70,395,120,70,1059860,0.8,60,50.0,85,75,40,grass,poison,8.6,1,0
45,Vileplume,80,5120,70,490,45,85,1059860,1.2,75,50.0,110,90,50,grass,poison,18.6,1,0
46,Paras,70,5120,70,285,190,55,1000000,0.3,35,50.0,45,55,25,bug,grass,5.4,1,0
47,Parasect,95,5120,70,405,75,80,1000000,1.0,60,50.0,60,80,30,bug,grass,29.5,1,0
48,Venonat,55,5120,70,305,190,50,1000000,1.0,60,50.0,40,55,45,bug,poison,30.0,1,0
49,Venomoth,65,5120,70,450,75,60,1000000,1.5,70,50.0,90,75,90,bug,poison,12.5,1,0
50,Diglett,55,5120,70,265,255,30,1000000,,10,50.0,35,45,90,ground,ground,,1,0
51,Dugtrio,100,5120,70,425,50,60,1000000,,35,50.0,50,70,110,ground,ground,,1,0
52,Meowth,35,5120,70,290,255,35,1000000,,40,50.0,50,40,90,normal,dark,,1,0
53,Persian,60,5120,70,440,90,60,1000000,,65,50.0,75,65,115,normal,dark,,1,0
54,Psyduck,52,5120,70,320,190,48,1000000,0.8,50,50.0,65,50,55,water,,19.6,1,0
55,Golduck,82,5120,70,500,75,78,1000000,1.7,80,50.0,95,80,85,water,,76.6,1,0
56,Mankey,80,5120,70,305,190,35,1000000,0.5,40,50.0,35,45,70,fighting,,28.0,1,0
57,Primeape,105,5120,70,455,75,60,1000000,1.0,65,50.0,60,70,95,fighting,,32.0,1,0
58,Growlithe,70,5120,70,350,190,45,1250000,0.7,55,75.4,70,50,60,fire,,19.0,1,0
59,Arcanine,110,5120,70,555,75,80,1250000,1.9,90,75.4,100,80,95,fire,,155.0,1,0
60,Poliwag,50,5120,70,300,255,40,1059860,0.6,40,50.0,40,40,90,water,,12.4,1,0
61,Poliwhirl,65,5120,70,385,120,65,1059860,1.0,65,50.0,50,50,90,water,,20.0,1,0
62,Poliwrath,95,5120,70,510,45,95,1059860,1.3,90,50.0,70,90,70,water,fighting,54.0,1,0
63,Abra,20,5120,70,310,200,15,1059860,0.9,25,75.4,105,55,90,psychic,,19.5,1,0
64,Kadabra,35,5120,70,400,100,30,1059860,1.3,40,75.4,120,70,105,psychic,,56.5,1,0
65,Alakazam,50,5120,70,600,50,65,1059860,1.5,55,75.4,175,105,150,psychic,,48.0,1,0
66,Machop,80,5120,70,305,180,50,1059860,0.8,70,75.4,35,35,35,fighting,,19.5,1,0
67,Machoke,100,5120,70,405,90,70,1059860,1.5,80,75.4,50,60,45,fighting,,70.5,1,0
68,Machamp,130,5120,70,505,45,80,1059860,1.6,90,75.4,65,85,55,fighting,,130.0,1,0
69,Bellsprout,75,5120,70,300,255,35,1059860,0.7,50,50.0,70,30,40,grass,poison,4.0,1,0
70,Weepinbell,90,5120,70,390,120,50,1059860,1.0,65,50.0,85,45,55,grass,poison,6.4,1,0
71,Victreebel,105,5120,70,490,45,65,1059860,1.7,80,50.0,100,70,70,grass,poison,15.5,1,0
72,Tentacool,40,5120,70,335,190,35,1250000,0.9,40,50.0,50,100,70,water,poison,45.5,1,0
73,Tentacruel,70,5120,70,515,60,65,1250000,1.6,80,50.0,80,120,100,water,poison,55.0,1,0
74,Geodude,80,3840,70,300,255,100,1059860,,40,50.0,30,30,20,rock,ground,,1,0
75,Graveler,95,3840,70,390,120,115,1059860,,55,50.0,45,45,35,rock,ground,,1,0
76,Golem,120,3840,70,495,45,130,1059860,,80,50.0,55,65,45,rock,ground,,1,0
77,Ponyta,85,5120,70,410,190,55,1000000,1.0,50,50.0,65,65,90,fire,,30.0,1,0
78,Rapidash,100,5120,70,500,60,70,1000000,1.7,65,50.0,80,80,105,fire,,95.0,1,0
79,Slowpoke,65,5120,70,315,190,65,1000000,1.2,90,50.0,40,40,15,water,psychic,36.0,1,0
80,Slowbro,75,5120,70,590,75,180,1000000,1.6,95,50.0,130,80,30,water,psychic,78.5,1,0
81,Magnemite,35,5120,70,325,190,70,1000000,0.3,25,,95,55,45,electric,steel,6.0,1,0
82,Magneton,60,5120,70,465,60,95,1000000,1.0,50,,120,70,70,electric,steel,60.0,1,0
83,Farfetchd,90,5120,70,377,45,55,1000000,0.8,52,50.0,58,62,60,normal,flying,15.0,1,0
84,Doduo,85,5120,70,310,190,45,1000000,1.4,35,50.0,35,35,75,normal,flying,39.2,1,0
85,Dodrio,110,5120,70,470,45,70,1000000,1.8,60,50.0,60,60,110,normal,flying,85.2,1,0
86,Seel,45,5120,70,325,190,55,1000000,1.1,65,50.0,45,70,45,water,,90.0,1,0
87,Dewgong,70,5120,70,475,75,80,1000000,1.7,90,50.0,70,95,70,water,ice,120.0,1,0
88,Grimer,80,5120,70,325,190,50,1000000,,80,50.0,40,50,25,poison,poison,,1,0
89,Muk,105,5120,70,500,75,75,1000000,,105,50.0,65,100,50,poison,poison,,1,0
90,Shellder,65,5120,70,305,190,100,1250000,0.3,30,50.0,45,25,40,water,,4.0,1,0
91,Cloyster,95,5120,70,525,60,180,1250000,1.5,50,50.0,85,45,70,water,ice,132.5,1,0
92,Gastly,35,5120,70,310,190,30,1059860,1.3,30,50.0,100,35,80,ghost,poison,0.1,1,0
93,Haunter,50,5120,70,405,90,45,1059860,1.6,45,50.0,115,55,95,ghost,poison,0.1,1,0
94,Gengar,65,5120,70,600,45,80,1059860,1.5,60,50.0,170,95,130,ghost,poison,40.5,1,0
95,Onix,45,6400,70,385,45,160,1000000,8.8,35,50.0,30,45,70,rock,ground,210.0,1,0
96,Drowzee,48,5120,70,328,190,45,1000000,1.0,60,50.0,43,90,42,psychic,,32.4,1,0
97,Hypno,73,5120,70,483,75,70,1000000,1.6,85,50.0,73,115,67,psychic,,75.6,1,0
98,Krabby,105,5120,70,325,225,90,1000000,0.4,30,50.0,25,25,50,water,,6.5,1,0
99,Kingler,130,5120,70,475,60,115,1000000,1.3,55,50.0,50,50,75,water,,60.0,1,0
100,Voltorb,30,5120,70,330,190,50,1000000,0.5,40,,55,55,100,electric,,10.4,1,0
101,Electrode,50,5120,70,490,60,70,1000000,1.2,60,,80,80,150,electric,,66.6,1,0
102,Exeggcute,40,5120,70,325,90,80,1250000,0.4,60,50.0,60,45,40,grass,psychic,2.5,1,0
103,Exeggutor,105,5120,70,530,45,85,1250000,,95,50.0,125,75,45,grass,psychic,,1,0
104,Cubone,50,5120,70,320,190,95,1000000,0.4,50,50.0,40,50,35,ground,,6.5,1,0
105,Marowak,80,5120,70,425,75,110,1000000,,60,50.0,50,80,45,ground,fire,,1,0
106,Hitmonlee,120,6400,70,455,45,53,1000000,1.5,50,100.0,35,110,87,fighting,,49.8,1,0
107,Hitmonchan,105,6400,70,455,45,79,1000000,1.4,50,100.0,35,110,76,fighting,,50.2,1,0
108,Lickitung,55,5120,70,385,45,75,1000000,1.2,90,50.0,60,75,30,normal,,65.5,1,0
109,Koffing,65,5120,70,340,190,95,1000000,0.6,40,50.0,60,45,35,poison,,1.0,1,0
110,Weezing,90,5120,70,490,60,120,1000000,1.2,65,50.0,85,70,60,poison,,9.5,1,0
111,Rhyhorn,85,5120,70,345,120,95,1250000,1.0,80,50.0,30,30,25,ground,rock,115.0,1,0
112,Rhydon,130,5120,70,485,60,120,1250000,1.9,105,50.0,45,45,40,ground,rock,120.0,1,0
113,Chansey,5,10240,140,450,30,5,800000,1.1,250,0.0,35,105,50,normal,,34.6,1,0
114,Tangela,55,5120,70,435,45,115,1000000,1.0,65,50.0,100,40,60,grass,,35.0,1,0
115,Kangaskhan,125,5120,70,590,45,100,1000000,2.2,105,0.0,60,100,100,normal,,80.0,1,0
116,Horsea,40,5120,70,295,225,70,1000000,0.4,30,50.0,70,25,60,water,,8.0,1,0
117,Seadra,65,5120,70,440,75,95,1000000,1.2,55,50.0,95,45,85,water,,25.0,1,0
118,Goldeen,67,5120,70,320,225,60,1000000,0.6,45,50.0,35,50,63,water,,15.0,1,0
119,Seaking,92,5120,70,450,60,65,1000000,1.3,80,50.0,65,80,68,water,,39.0,1,0
120,Staryu,45,5120,70,340,225,55,1250000,0.8,30,,70,55,85,water,,34.5,1,0
121,Starmie,75,5120,70,520,60,85,1250000,1.1,60,,100,85,115,water,psychic,80.0,1,0
122,Mr. Mime,45,6400,70,460,45,65,1000000,1.3,40,50.0,100,120,90,psychic,fairy,54.5,1,0
123,Scyther,110,6400,70,500,45,80,1000000,1.5,70,50.0,55,80,105,bug,flying,56.0,1,0
124,Jynx,50,6400,70,455,45,35,1000000,1.4,65,0.0,115,95,95,ice,psychic,40.6,1,0
125,Electabuzz,83,6400,70,490,45,57,1000000,1.1,65,75.4,95,85,105,electric,,30.0,1,0
126,Magmar,95,6400,70,495,45,57,1000000,1.3,65,75.4,100,85,93,fire,,44.5,1,0
127,Pinsir,155,6400,70,600,45,120,1250000,1.5,65,50.0,65,90,105,bug,,55.0,1,0
128,Tauros,100,5120,70,490,45,95,1250000,1.4,75,100.0,40,70,110,normal,,88.4,1,0
129,Magikarp,10,1280,70,200,255,55,1250000,0.9,20,50.0,15,20,80,water,,10.0,1,0
130,Gyarados,155,1280,70,640,45,109,1250000,6.5,95,50.0,70,130,81,water,flying,235.0,1,0
131,Lapras,85,10240,70,535,45,80,1250000,2.5,130,50.0,85,95,60,water,ice,220.0,1,0
132,Ditto,48,5120,70,288,35,48,1000000,0.3,48,,48,48,48,normal,,4.0,1,0
133,Eevee,55,8960,70,325,45,50,1000000,0.3,55,88.1,45,65,55,normal,,6.5,1,0
134,Vaporeon,65,8960,70,525,45,60,1000000,1.0,130,88.1,110,95,65,water,,29.0,1,0
135,Jolteon,65,8960,70,525,45,60,1000000,0.8,65,88.1,110,95,130,electric,,24.5,1,0
136,Flareon,130,8960,70,525,45,60,1000000,0.9,65,88.1,95,110,65,fire,,25.0,1,0
137,Porygon,60,5120,70,395,45,70,1000000,0.8,65,,85,75,40,normal,,36.5,1,0
138,Omanyte,40,7680,70,355,45,100,1000000,0.4,35,88.1,90,55,35,rock,water,7.5,1,0
139,Omastar,60,7680,70,495,45,125,1000000,1.0,70,88.1,115,70,55,rock,water,35.0,1,0
140,Kabuto,80,7680,70,355,45,90,1000000,0.5,30,88.1,55,45,55,rock,water,11.5,1,0
141,Kabutops,115,7680,70,495,45,105,1000000,1.3,60,88.1,65,70,80,rock,water,40.5,1,0
142,Aerodactyl,135,8960,70,615,45,85,1250000,1.8,80,88.1,70,95,150,rock,flying,59.0,1,0
143,Snorlax,110,10240,70,540,25,65,1250000,2.1,160,88.1,65,110,30,normal,,460.0,1,0
144,Articuno,85,20480,35,580,3,100,1250000,1.7,90,,95,125,85,ice,flying,55.4,1,1
145,Zapdos,90,20480,35,580,3,85,1250000,1.6,90,,125,90,100,electric,flying,52.6,1,1
146,Moltres,100,20480,35,580,3,90,1250000,2.0,90,,125,85,90,fire,flying,60.0,1,1
147,Dratini,64,10240,35,300,45,45,1250000,1.8,41,50.0,50,50,50,dragon,,3.3,1,0
148,Dragonair,84,10240,35,420,45,65,1250000,4.0,61,50.0,70,70,70,dragon,,16.5,1,0
149,Dragonite,134,10240,35,600,45,95,1250000,2.2,91,50.0,100,100,80,dragon,flying,210.0,1,0
150,Mewtwo,150,30720,0,780,3,70,1250000,2.0,106,,194,120,140,psychic,,122.0,1,1
151,Mew,100,30720,100,600,45,100,1059860,0.4,100,,100,100,100,psychic,,4.0,1,1
152,Chikorita,49,5120,70,318,45,65,1059860,0.9,45,88.1,49,65,45,grass,,6.4,2,0
153,Bayleef,62,5120,70,405,45,80,1059860,1.2,60,88.1,63,80,60,grass,,15.8,2,0
154,Meganium,82,5120,70,525,45,100,1059860,1.8,80,88.1,83,100,80,grass,,100.5,2,0
155,Cyndaquil,52,5120,70,309,45,43,1059860,0.5,39,88.1,60,50,65,fire,,7.9,2,0
156,Quilava,64,5120,70,405,45,58,1059860,0.9,58,88.1,80,65,80,fire,,19.0,2,0
157,Typhlosion,84,5120,70,534,45,78,1059860,1.7,78,88.1,109,85,100,fire,,79.5,2,0
158,Totodile,65,5120,70,314,45,64,1059860,0.6,50,88.1,44,48,43,water,,9.5,2,0
159,Croconaw,80,5120,70,405,45,80,1059860,1.1,65,88.1,59,63,58,water,,25.0,2,0
160,Feraligatr,105,5120,70,530,45,100,1059860,2.3,85,88.1,79,83,78,water,,88.8,2,0
161,Sentret,46,3840,70,215,255,34,1000000,0.8,35,50.0,35,45,20,normal,,6.0,2,0
162,Furret,76,3840,70,415,90,64,1000000,1.8,85,50.0,45,55,90,normal,,32.5,2,0
163,Hoothoot,30,3840,70,262,255,30,1000000,0.7,60,50.0,36,56,50,normal,flying,21.2,2,0
164,Noctowl,50,3840,70,452,90,50,1000000,1.6,100,50.0,86,96,70,normal,flying,40.8,2,0
165,Ledyba,20,3840,70,265,255,30,800000,1.0,40,50.0,40,80,55,bug,flying,10.8,2,0
166,Ledian,35,3840,70,390,90,50,800000,1.4,55,50.0,55,110,85,bug,flying,35.6,2,0
167,Spinarak,60,3840,70,250,255,40,800000,0.5,40,50.0,40,40,30,bug,poison,8.5,2,0
168,Ariados,90,3840,70,400,90,70,800000,1.1,70,50.0,60,70,40,bug,poison,33.5,2,0
169,Crobat,90,3840,70,535,90,80,1000000,1.8,85,50.0,70,80,130,poison,flying,75.0,2,0
170,Chinchou,38,5120,70,330,190,38,1250000,0.5,75,50.0,56,56,67,water,electric,12.0,2,0
171,Lanturn,58,5120,70,460,75,58,1250000,1.2,125,50.0,76,76,67,water,electric,22.5,2,0
172,Pichu,40,2560,70,205,190,15,1000000,0.3,20,50.0,35,35,60,electric,,2.0,2,0
173,Cleffa,25,2560,140,218,150,28,800000,0.3,50,24.6,45,55,15,fairy,,3.0,2,0
174,Igglybuff,30,2560,70,210,170,15,800000,0.3,90,24.6,40,20,15,normal,fairy,1.0,2,0
175,Togepi,20,2560,70,245,190,65,800000,0.3,35,88.1,40,65,20,fairy,,1.5,2,0
176,Togetic,40,2560,70,405,75,85,800000,0.6,55,88.1,80,105,40,fairy,flying,3.2,2,0
177,Natu,50,5120,70,320,190,45,1000000,0.2,40,50.0,70,45,70,psychic,flying,2.0,2,0
178,Xatu,75,5120,70,470,75,70,1000000,1.5,65,50.0,95,70,95,psychic,flying,15.0,2,0
179,Mareep,40,5120,70,280,235,40,1059860,0.6,55,50.0,65,45,35,electric,,7.8,2,0
180,Flaaffy,55,5120,70,365,120,55,1059860,0.8,70,50.0,80,60,45,electric,,13.3,2,0
181,Ampharos,95,5120,70,610,45,105,1059860,1.4,90,50.0,165,110,45,electric,,61.5,2,0
182,Bellossom,80,5120,70,490,45,95,1059860,0.4,75,50.0,90,100,50,grass,,5.8,2,0
183,Marill,20,2560,70,250,190,50,800000,0.4,70,50.0,20,50,40,water,fairy,8.5,2,0
184,Azumarill,50,2560,70,420,75,80,800000,0.8,100,50.0,60,80,50,water,fairy,28.5,2,0
185,Sudowoodo,100,5120,70,410,65,115,1000000,1.2,70,50.0,30,65,30,rock,,38.0,2,0
186,Politoed,75,5120,70,500,45,75,1059860,1.1,90,50.0,90,100,70,water,,33.9,2,0
187,Hoppip,35,5120,70,250,255,40,1059860,0.4,35,50.0,35,55,50,grass,flying,0.5,2,0
188,Skiploom,45,5120,70,340,120,50,1059860,0.6,55,50.0,45,65,80,grass,flying,1.0,2,0
189,Jumpluff,55,5120,70,460,45,70,1059860,0.8,75,50.0,55,95,110,grass,flying,3.0,2,0
190,Aipom,70,5120,70,360,45,55,800000,0.8,55,50.0,40,55,85,normal,,11.5,2,0
191,Sunkern,30,5120,70,180,235,30,1059860,0.3,30,50.0,30,30,30,grass,,1.8,2,0
192,Sunflora,75,5120,70,425,120,55,1059860,0.8,75,50.0,105,85,30,grass,,8.5,2,0
193,Yanma,65,5120,70,390,75,45,1000000,1.2,65,50.0,75,45,95,bug,flying,38.0,2,0
194,Wooper,45,5120,70,210,255,45,1000000,0.4,55,50.0,25,25,15,water,ground,8.5,2,0
195,Quagsire,85,5120,70,430,90,85,1000000,1.4,95,50.0,65,65,35,water,ground,75.0,2,0
196,Espeon,65,8960,70,525,45,60,1000000,0.9,65,88.1,130,95,110,psychic,,26.5,2,0
197,Umbreon,65,8960,35,525,45,110,1000000,1.0,95,88.1,60,130,65,dark,,27.0,2,0
198,Murkrow,85,5120,35,405,30,42,1059860,0.5,60,50.0,85,42,91,dark,flying,2.1,2,0
199,Slowking,75,5120,70,490,70,80,1000000,2.0,95,50.0,100,110,30,water,psychic,79.5,2,0
200,Misdreavus,60,6400,35,435,45,60,800000,0.7,60,50.0,85,85,85,ghost,,1.0,2,0
201,Unown,72,10240,70,336,225,48,1000000,0.5,48,,72,48,48,psychic,,5.0,2,0
202,Wobbuffet,33,5120,70,405,45,58,1000000,1.3,190,50.0,33,58,33,psychic,,28.5,2,0
203,Girafarig,80,5120,70,455,60,65,1000000,1.5,70,50.0,90,65,85,normal,psychic,41.5,2,0
204,Pineco,65,5120,70,290,190,90,1000000,0.6,50,50.0,35,35,15,bug,,7.2,2,0
205,Forretress,90,5120,70,465,75,140,1000000,1.2,75,50.0,60,60,40,bug,steel,125.8,2,0
206,Dunsparce,70,5120,70,415,190,70,1000000,1.5,100,50.0,65,65,45,normal,,14.0,2,0
207,Gligar,75,5120,70,430,60,105,1059860,1.1,65,50.0,35,65,85,ground,flying,64.8,2,0
208,Steelix,125,6400,70,610,25,230,1000000,9.2,75,50.0,55,95,30,steel,ground,400.0,2,0
209,Snubbull,80,5120,70,300,190,50,800000,0.6,60,24.6,40,40,30,fairy,,7.8,2,0
210,Granbull,120,5120,70,450,75,75,800000,1.4,90,24.6,60,60,45,fairy,,48.7,2,0
211,Qwilfish,95,5120,70,440,45,85,1000000,0.5,65,50.0,55,55,85,water,poison,3.9,2,0
212,Scizor,150,6400,70,600,25,140,1000000,1.8,70,50.0,65,100,75,bug,steel,118.0,2,0
213,Shuckle,10,5120,70,505,190,230,1059860,0.6,20,50.0,10,230,5,bug,rock,20.5,2,0
214,Heracross,185,6400,70,600,45,115,1250000,1.5,80,50.0,40,105,75,bug,fighting,54.0,2,0
215,Sneasel,95,5120,35,430,60,55,1059860,0.9,55,50.0,35,75,115,dark,ice,28.0,2,0
216,Teddiursa,80,5120,70,330,120,50,1000000,0.6,60,50.0,50,50,40,normal,,8.8,2,0
217,Ursaring,130,5120,70,500,60,75,1000000,1.8,90,50.0,75,75,55,normal,,125.8,2,0
218,Slugma,40,5120,70,250,190,40,1000000,0.7,40,50.0,70,40,20,fire,,35.0,2,0
219,Magcargo,50,5120,70,430,75,120,1000000,0.8,60,50.0,90,80,30,fire,rock,55.0,2,0
220,Swinub,50,5120,70,250,225,40,1250000,0.4,50,50.0,30,30,50,ice,ground,6.5,2,0
221,Piloswine,100,5120,70,450,75,80,1250000,1.1,100,50.0,60,60,50,ice,ground,55.8,2,0
222,Corsola,55,5120,70,410,60,95,800000,0.6,65,24.6,65,95,35,water,rock,5.0,2,0
223,Remoraid,65,5120,70,300,190,35,1000000,0.6,35,50.0,65,35,65,water,,12.0,2,0
224,Octillery,105,5120,70,480,75,75,1000000,0.9,75,50.0,105,75,45,water,,28.5,2,0
225,Delibird,55,5120,70,330,45,45,800000,0.9,45,50.0,65,45,75,ice,flying,16.0,2,0
226,Mantine,40,6400,70,485,25,70,1250000,2.1,85,50.0,80,140,70,water,flying,220.0,2,0
227,Skarmory,80,6400,70,465,25,140,1250000,1.7,65,50.0,40,70,70,steel,flying,50.5,2,0
228,Houndour,60,5120,35,330,120,30,1250000,0.6,45,50.0,80,50,65,dark,fire,10.8,2,0
229,Houndoom,90,5120,35,600,45,90,1250000,1.4,75,50.0,140,90,115,dark,fire,35.0,2,0
230,Kingdra,95,5120,70,540,45,95,1000000,1.8,75,50.0,95,95,85,water,dragon,152.0,2,0
231,Phanpy,60,5120,70,330,120,60,1000000,0.5,90,50.0,40,40,40,ground,,33.5,2,0
232,Donphan,120,5120,70,500,60,120,1000000,1.1,90,50.0,60,60,50,ground,,120.0,2,0
233,Porygon2,80,5120,70,515,45,90,1000000,0.6,85,,105,95,60,normal,,32.5,2,0
234,Stantler,95,5120,70,465,45,62,1250000,1.4,73,50.0,85,65,85,normal,,71.2,2,0
235,Smeargle,20,5120,70,250,45,35,800000,1.2,55,50.0,20,45,75,normal,,58.0,2,0
236,Tyrogue,35,6400,70,210,75,35,1000000,0.7,35,100.0,35,35,35,fighting,,21.0,2,0
237,Hitmontop,95,6400,70,455,45,95,1000000,1.4,50,100.0,35,110,70,fighting,,48.0,2,0
238,Smoochum,30,6400,70,305,45,15,1000000,0.4,45,0.0,85,65,65,ice,psychic,6.0,2,0
239,Elekid,63,6400,70,360,45,37,1000000,0.6,45,75.4,65,55,95,electric,,23.5,2,0
240,Magby,75,6400,70,365,45,37,1000000,0.7,45,75.4,70,55,83,fire,,21.4,2,0
241,Miltank,80,5120,70,490,45,105,1250000,1.2,95,0.0,40,70,100,normal,,75.5,2,0
242,Blissey,10,10240,140,540,30,10,800000,1.5,255,0.0,75,135,55,normal,,46.8,2,0
243,Raikou,85,20480,35,580,3,75,1250000,1.9,90,,115,100,115,electric,,178.0,2,1
244,Entei,115,20480,35,580,3,85,1250000,2.1,115,,90,75,100,fire,,198.0,2,1
245,Suicune,75,20480,35,580,3,115,1250000,2.0,100,,90,115,85,water,,187.0,2,1
246,Larvitar,64,10240,35,300,45,50,1250000,0.6,50,50.0,45,50,41,rock,ground,72.0,2,0
247,Pupitar,84,10240,35,410,45,70,1250000,1.2,70,50.0,65,70,51,rock,ground,152.0,2,0
248,Tyranitar,164,10240,35,700,45,150,1250000,2.0,100,50.0,95,120,71,rock,dark,202.0,2,0
249,Lugia,90,30720,0,680,3,130,1250000,5.2,106,,90,154,110,psychic,flying,216.0,2,1
250,Ho-Oh,130,30720,0,680,3,90,1250000,3.8,106,,110,154,90,fire,flying,199.0,2,1
251,Celebi,100,30720,100,600,45,100,1059860,0.6,100,,100,100,100,psychic,grass,5.0,2,1
252,Treecko,45,5120,70,310,45,35,1059860,0.5,40,88.1,65,55,70,grass,,5.0,3,0
253,Grovyle,65,5120,70,405,45,45,1059860,0.9,50,88.1,85,65,95,grass,,21.6,3,0
254,Sceptile,110,5120,70,630,45,75,1059860,1.7,70,88.1,145,85,145,grass,,52.2,3,0
255,Torchic,60,5120,70,310,45,40,1059860,0.4,45,88.1,70,50,45,fire,,2.5,3,0
256,Combusken,85,5120,70,405,45,60,1059860,0.9,60,88.1,85,60,55,fire,fighting,19.5,3,0
257,Blaziken,160,5120,70,630,45,80,1059860,1.9,80,88.1,130,80,100,fire,fighting,52.0,3,0
258,Mudkip,70,5120,70,310,45,50,1059860,0.4,50,88.1,50,50,40,water,,7.6,3,0
259,Marshtomp,85,5120,70,405,45,70,1059860,0.7,70,88.1,60,70,50,water,ground,28.0,3,0
260,Swampert,150,5120,70,635,45,110,1059860,1.5,100,88.1,95,110,70,water,ground,81.9,3,0
261,Poochyena,55,3840,70,220,255,35,1000000,0.5,35,50.0,30,30,35,dark,,13.6,3,0
262,Mightyena,90,3840,70,420,127,70,1000000,1.0,70,50.0,60,60,70,dark,,37.0,3,0
263,Zigzagoon,30,3840,70,240,255,41,1000000,0.4,38,50.0,30,41,60,normal,,17.5,3,0
264,Linoone,70,3840,70,420,90,61,1000000,0.5,78,50.0,50,61,100,normal,,32.5,3,0
265,Wurmple,45,3840,70,195,255,35,1000000,0.3,45,50.0,20,30,20,bug,,3.6,3,0
266,Silcoon,35,3840,70,205,120,55,1000000,0.6,50,50.0,25,25,15,bug,,10.0,3,0
267,Beautifly,70,3840,70,395,45,50,1000000,1.0,60,50.0,100,50,65,bug,flying,28.4,3,0
268,Cascoon,35,3840,70,205,120,55,1000000,0.7,50,50.0,25,25,15,bug,,11.5,3,0
269,Dustox,50,3840,70,385,45,70,1000000,1.2,60,50.0,50,90,65,bug,poison,31.6,3,0
270,Lotad,30,3840,70,220,255,30,1059860,0.5,40,50.0,40,50,30,water,grass,2.6,3,0
271,Lombre,50,3840,70,340,120,50,1059860,1.2,60,50.0,60,70,50,water,grass,32.5,3,0
272,Ludicolo,70,3840,70,480,45,70,1059860,1.5,80,50.0,90,100,70,water,grass,55.0,3,0
273,Seedot,40,3840,70,220,255,50,1059860,0.5,40,50.0,30,30,30,grass,,4.0,3,0
274,Nuzleaf,70,3840,70,340,120,40,1059860,1.0,70,50.0,60,40,60,grass,dark,28.0,3,0
275,Shiftry,100,3840,70,480,45,60,1059860,1.3,90,50.0,90,60,80,grass,dark,59.6,3,0
276,Taillow,55,3840,70,270,200,30,1059860,0.3,40,50.0,30,30,85,normal,flying,2.3,3,0
277,Swellow,85,3840,70,455,45,60,1059860,0.7,60,50.0,75,50,125,normal,flying,19.8,3,0
278,Wingull,30,5120,70,270,190,30,1000000,0.6,40,50.0,55,30,85,water,flying,9.5,3,0
279,Pelipper,50,5120,70,440,45,100,1000000,1.2,60,50.0,95,70,65,water,flying,28.0,3,0
280,Ralts,25,5120,35,198,235,25,1250000,0.4,28,50.0,45,35,40,psychic,fairy,6.6,3,0
281,Kirlia,35,5120,35,278,120,35,1250000,0.8,38,50.0,65,55,50,psychic,fairy,20.2,3,0
282,Gardevoir,85,5120,35,618,45,65,1250000,1.6,68,50.0,165,135,100,psychic,fairy,48.4,3,0
283,Surskit,30,3840,70,269,200,32,1000000,0.5,40,50.0,50,52,65,bug,water,1.7,3,0
284,Masquerain,60,3840,70,454,75,62,1000000,0.8,70,50.0,100,82,80,bug,flying,3.6,3,0
285,Shroomish,40,3840,70,295,255,60,1640000,0.4,60,50.0,40,60,35,grass,,4.5,3,0
286,Breloom,130,3840,70,460,90,80,1640000,1.2,60,50.0,60,60,70,grass,fighting,39.2,3,0
287,Slakoth,60,3840,70,280,255,60,1250000,0.8,60,50.0,35,35,30,normal,,24.0,3,0
288,Vigoroth,80,3840,70,440,120,80,1250000,1.4,80,50.0,55,55,90,normal,,46.5,3,0
289,Slaking,160,3840,70,670,45,100,1250000,2.0,150,50.0,95,65,100,normal,,130.5,3,0
290,Nincada,45,3840,70,266,255,90,600000,0.5,31,50.0,30,30,40,bug,ground,5.5,3,0
291,Ninjask,90,3840,70,456,120,45,600000,0.8,61,50.0,50,50,160,bug,flying,12.0,3,0
292,Shedinja,90,3840,70,236,45,45,600000,0.8,1,,30,30,40,bug,ghost,1.2,3,0
293,Whismur,51,5120,70,240,190,23,1059860,0.6,64,50.0,51,23,28,normal,,16.3,3,0
294,Loudred,71,5120,70,360,120,43,1059860,1.0,84,50.0,71,43,48,normal,,40.5,3,0
295,Exploud,91,5120,70,490,45,63,1059860,1.5,104,50.0,91,73,68,normal,,84.0,3,0
296,Makuhita,60,5120,70,237,180,30,1640000,1.0,72,75.4,20,30,25,fighting,,86.4,3,0
297,Hariyama,120,5120,70,474,200,60,1640000,2.3,144,75.4,40,60,50,fighting,,253.8,3,0
298,Azurill,20,2560,70,190,150,40,800000,0.2,50,24.6,20,40,20,normal,fairy,2.0,3,0
299,Nosepass,45,5120,70,375,255,135,1000000,1.0,30,50.0,45,90,30,rock,,97.0,3,0
300,Skitty,45,3840,70,260,255,45,800000,0.6,50,24.6,35,35,50,normal,,11.0,3,0
301,Delcatty,65,3840,70,400,60,65,800000,1.1,70,24.6,55,55,90,normal,,32.6,3,0
302,Sableye,85,6400,35,480,45,125,1059860,0.5,50,50.0,85,115,20,dark,ghost,11.0,3,0
303,Mawile,105,5120,70,480,45,125,800000,0.6,50,50.0,55,95,50,steel,fairy,11.5,3,0
304,Aron,70,8960,35,330,180,100,1250000,0.4,50,50.0,40,40,30,steel,rock,60.0,3,0
305,Lairon,90,8960,35,430,90,140,1250000,0.9,60,50.0,50,50,40,steel,rock,120.0,3,0
306,Aggron,140,8960,35,630,45,230,1250000,2.1,70,50.0,60,80,50,steel,rock,360.0,3,0
307,Meditite,40,5120,70,280,180,55,1000000,0.6,30,50.0,40,55,60,fighting,psychic,11.2,3,0
308,Medicham,100,5120,70,510,90,85,1000000,1.3,60,50.0,80,85,100,fighting,psychic,31.5,3,0
309,Electrike,45,5120,70,295,120,40,1250000,0.6,40,50.0,65,40,65,electric,,15.2,3,0
310,Manectric,75,5120,70,575,45,80,1250000,1.5,70,50.0,135,80,135,electric,,40.2,3,0
311,Plusle,50,5120,70,405,200,40,1000000,0.4,60,50.0,85,75,95,electric,,4.2,3,0
312,Minun,40,5120,70,405,200,50,1000000,0.4,60,50.0,75,85,95,electric,,4.2,3,0
313,Volbeat,73,3840,70,430,150,75,600000,0.7,65,100.0,47,85,85,bug,,17.7,3,0
314,Illumise,47,3840,70,430,150,75,1640000,0.6,65,0.0,73,85,85,bug,,17.7,3,0
315,Roselia,60,5120,70,400,150,45,1059860,0.3,50,50.0,100,80,65,grass,poison,2.0,3,0
316,Gulpin,43,5120,70,302,225,53,1640000,0.4,70,50.0,43,53,40,poison,,10.3,3,0
317,Swalot,73,5120,70,467,75,83,1640000,1.7,100,50.0,73,83,55,poison,,80.0,3,0
318,Carvanha,90,5120,35,305,225,20,1250000,0.8,45,50.0,65,20,65,water,dark,20.8,3,0
319,Sharpedo,140,5120,35,560,60,70,1250000,1.8,70,50.0,110,65,105,water,dark,88.8,3,0
320,Wailmer,70,10240,70,400,125,35,1640000,2.0,130,50.0,70,35,60,water,,130.0,3,0
321,Wailord,90,10240,70,500,60,45,1640000,14.5,170,50.0,90,45,60,water,,398.0,3,0
322,Numel,60,5120,70,305,255,40,1000000,0.7,60,50.0,65,45,35,fire,ground,24.0,3,0
323,Camerupt,120,5120,70,560,150,100,1000000,1.9,70,50.0,145,105,20,fire,ground,220.0,3,0
324,Torkoal,85,5120,70,470,90,140,1000000,0.5,70,50.0,85,70,20,fire,,80.4,3,0
325,Spoink,25,5120,70,330,255,35,800000,0.7,60,50.0,70,80,60,psychic,,30.6,3,0
326,Grumpig,45,5120,70,470,60,65,800000,0.9,80,50.0,90,110,80,psychic,,71.5,3,0
327,Spinda,60,3840,70,360,255,60,800000,1.1,60,50.0,60,60,60,normal,,5.0,3,0
328,Trapinch,100,5120,70,290,255,45,1059860,0.7,45,50.0,45,45,10,ground,,15.0,3,0
329,Vibrava,70,5120,70,340,120,50,1059860,1.1,50,50.0,50,50,70,ground,dragon,15.3,3,0
330,Flygon,100,5120,70,520,45,80,1059860,2.0,80,50.0,80,80,100,ground,dragon,82.0,3,0
331,Cacnea,85,5120,35,335,190,40,1059860,0.4,50,50.0,85,40,35,grass,,51.3,3,0
332,Cacturne,115,5120,35,475,60,60,1059860,1.3,70,50.0,115,60,55,grass,dark,77.4,3,0
333,Swablu,40,5120,70,310,255,60,600000,0.4,45,50.0,40,75,50,normal,flying,1.2,3,0
334,Altaria,110,5120,70,590,45,110,600000,1.1,75,50.0,110,105,80,dragon,flying,20.6,3,0
335,Zangoose,115,5120,70,458,90,60,600000,1.3,73,50.0,60,60,90,normal,,40.3,3,0
336,Seviper,100,5120,70,458,90,60,1640000,2.7,73,50.0,100,60,65,poison,,52.5,3,0
337,Lunatone,55,6400,70,460,45,65,800000,1.0,90,,95,85,70,rock,psychic,168.0,3,0
338,Solrock,95,6400,70,460,45,85,800000,1.2,90,,55,65,70,rock,psychic,154.0,3,0
339,Barboach,48,5120,70,288,190,43,1000000,0.4,50,50.0,46,41,60,water,ground,1.9,3,0
340,Whiscash,78,5120,70,468,75,73,1000000,0.9,110,50.0,76,71,60,water,ground,23.6,3,0
341,Corphish,80,3840,70,308,205,65,1640000,0.6,43,50.0,50,35,35,water,,11.5,3,0
342,Crawdaunt,120,3840,70,468,155,85,1640000,1.1,63,50.0,90,55,55,water,dark,32.8,3,0
343,Baltoy,40,5120,70,300,255,55,1000000,0.5,40,,40,70,55,ground,psychic,21.5,3,0
344,Claydol,70,5120,70,500,90,105,1000000,1.5,60,,70,120,75,ground,psychic,108.0,3,0
345,Lileep,41,7680,70,355,45,77,600000,1.0,66,88.1,61,87,23,rock,grass,23.8,3,0
346,Cradily,81,7680,70,495,45,97,600000,1.5,86,88.1,81,107,43,rock,grass,60.4,3,0
347,Anorith,95,7680,70,355,45,50,600000,0.7,45,88.1,40,50,75,rock,bug,12.5,3,0
348,Armaldo,125,7680,70,495,45,100,600000,1.5,75,88.1,70,80,45,rock,bug,68.2,3,0
349,Feebas,15,5120,70,200,255,20,600000,0.6,20,50.0,10,55,80,water,,7.4,3,0
350,Milotic,60,5120,70,540,60,79,600000,6.2,95,50.0,100,125,81,water,,162.0,3,0
351,Castform,70,6400,70,420,45,70,1000000,0.3,70,50.0,70,70,70,normal,,0.8,3,0
352,Kecleon,90,5120,70,440,200,70,1059860,1.0,60,50.0,60,120,40,normal,,22.0,3,0
353,Shuppet,75,6400,35,295,225,35,800000,0.6,44,50.0,63,33,45,ghost,,2.3,3,0
354,Banette,165,6400,35,555,45,75,800000,1.1,64,50.0,93,83,75,ghost,,12.5,3,0
355,Duskull,40,6400,35,295,190,90,800000,0.8,20,50.0,30,90,25,ghost,,15.0,3,0
356,Dusclops,70,6400,35,455,90,130,800000,1.6,40,50.0,60,130,25,ghost,,30.6,3,0
357,Tropius,68,6400,70,460,200,83,1250000,2.0,99,50.0,72,87,51,grass,flying,100.0,3,0
358,Chimecho,50,6400,70,455,45,80,800000,0.6,75,50.0,95,90,65,psychic,,1.0,3,0
359,Absol,150,6400,35,565,30,60,1059860,1.2,65,50.0,115,60,115,dark,,47.0,3,0
360,Wynaut,23,5120,70,260,125,48,1000000,0.6,95,50.0,23,48,23,psychic,,14.0,3,0
361,Snorunt,50,5120,70,300,190,50,1000000,0.7,50,50.0,50,50,50,ice,,16.8,3,0
362,Glalie,120,5120,70,580,75,80,1000000,1.5,80,50.0,120,80,100,ice,,256.5,3,0
363,Spheal,40,5120,70,290,255,50,1059860,0.8,70,50.0,55,50,25,ice,water,39.5,3,0
364,Sealeo,60,5120,70,410,120,70,1059860,1.1,90,50.0,75,70,45,ice,water,87.6,3,0
365,Walrein,80,5120,70,530,45,90,1059860,1.4,110,50.0,95,90,65,ice,water,150.6,3,0
366,Clamperl,64,5120,70,345,255,85,600000,0.4,35,50.0,74,55,32,water,,52.5,3,0
367,Huntail,104,5120,70,485,60,105,600000,1.7,55,50.0,94,75,52,water,,27.0,3,0
368,Gorebyss,84,5120,70,485,60,105,600000,1.8,55,50.0,114,75,52,water,,22.6,3,0
369,Relicanth,90,10240,70,485,25,130,1250000,1.0,100,88.1,45,65,55,water,rock,23.4,3,0
370,Luvdisc,30,5120,70,330,225,55,800000,0.6,43,24.6,40,65,97,water,,8.7,3,0
371,Bagon,75,10240,35,300,45,60,1250000,0.6,45,50.0,40,30,50,dragon,,42.1,3,0
372,Shelgon,95,10240,35,420,45,100,1250000,1.1,65,50.0,60,50,50,dragon,,110.5,3,0
373,Salamence,145,10240,35,700,45,130,1250000,1.5,95,50.0,120,90,120,dragon,flying,102.6,3,0
374,Beldum,55,10240,35,300,3,80,1250000,0.6,40,,35,60,30,steel,psychic,95.2,3,0
375,Metang,75,10240,35,420,3,100,1250000,1.2,60,,55,80,50,steel,psychic,202.5,3,0
376,Metagross,145,10240,35,700,3,150,1250000,1.6,80,,105,110,110,steel,psychic,550.0,3,0
377,Regirock,100,20480,35,580,3,200,1250000,1.7,80,,50,100,50,rock,,230.0,3,1
378,Regice,50,20480,35,580,3,100,1250000,1.8,80,,100,200,50,ice,,175.0,3,1
379,Registeel,75,20480,35,580,3,150,1250000,1.9,80,,75,150,50,steel,,205.0,3,1
380,Latias,100,30720,90,700,3,120,1250000,1.4,80,0.0,140,150,110,dragon,psychic,40.0,3,1
381,Latios,130,30720,90,700,3,100,1250000,2.0,80,100.0,160,120,110,dragon,psychic,60.0,3,1
382,Kyogre,150,30720,0,770,3,90,1250000,4.5,100,,180,160,90,water,,352.0,3,1
383,Groudon,180,30720,0,770,3,160,1250000,3.5,100,,150,90,90,ground,,950.0,3,1
384,Rayquaza,180,30720,0,780,45,100,1250000,7.0,105,,180,100,115,dragon,flying,206.5,3,1
385,Jirachi,100,30720,100,600,3,100,1250000,0.3,100,,100,100,100,steel,psychic,1.1,3,1
386,Deoxys,95,30720,0,600,3,90,1250000,1.7,50,,95,90,180,psychic,,60.8,3,1
387,Turtwig,68,5120,70,318,45,64,1059860,0.4,55,88.1,45,55,31,grass,,10.2,4,0
388,Grotle,89,5120,70,405,45,85,1059860,1.1,75,88.1,55,65,36,grass,,97.0,4,0
389,Torterra,109,5120,70,525,45,105,1059860,2.2,95,88.1,75,85,56,grass,ground,310.0,4,0
390,Chimchar,58,5120,70,309,45,44,1059860,0.5,44,88.1,58,44,61,fire,,6.2,4,0
391,Monferno,78,5120,70,405,45,52,1059860,0.9,64,88.1,78,52,81,fire,fighting,22.0,4,0
392,Infernape,104,5120,70,534,45,71,1059860,1.2,76,88.1,104,71,108,fire,fighting,55.0,4,0
393,Piplup,51,5120,70,314,45,53,1059860,0.4,53,88.1,61,56,40,water,,5.2,4,0
394,Prinplup,66,5120,70,405,45,68,1059860,0.8,64,88.1,81,76,50,water,,23.0,4,0
395,Empoleon,86,5120,70,530,45,88,1059860,1.7,84,88.1,111,101,60,water,steel,84.5,4,0
396,Starly,55,3840,70,245,255,30,1059860,0.3,40,50.0,30,30,60,normal,flying,2.0,4,0
397,Staravia,75,3840,70,340,120,50,1059860,0.6,55,50.0,40,40,80,normal,flying,15.5,4,0
398,Staraptor,120,3840,70,485,45,70,1059860,1.2,85,50.0,50,60,100,normal,flying,24.9,4,0
399,Bidoof,45,3840,70,250,255,40,1000000,0.5,59,50.0,35,40,31,normal,,20.0,4,0
400,Bibarel,85,3840,70,410,127,60,1000000,1.0,79,50.0,55,60,71,normal,water,31.5,4,0
401,Kricketot,25,3840,70,194,255,41,1059860,0.3,37,50.0,25,41,25,bug,,2.2,4,0
402,Kricketune,85,3840,70,384,45,51,1059860,1.0,77,50.0,55,51,65,bug,,25.5,4,0
403,Shinx,65,5120,70,263,235,34,1059860,0.5,45,50.0,40,34,45,electric,,9.5,4,0
404,Luxio,85,5120,100,363,120,49,1059860,0.9,60,50.0,60,49,60,electric,,30.5,4,0
405,Luxray,120,5120,70,523,45,79,1059860,1.4,80,50.0,95,79,70,electric,,42.0,4,0
406,Budew,30,5120,70,280,255,35,1059860,0.2,40,50.0,50,70,55,grass,poison,1.2,4,0
407,Roserade,70,5120,70,515,75,65,1059860,0.9,60,50.0,125,105,90,grass,poison,14.5,4,0
408,Cranidos,125,7680,70,350,45,40,600000,0.9,67,88.1,30,30,58,rock,,31.5,4,0
409,Rampardos,165,7680,70,495,45,60,600000,1.6,97,88.1,65,50,58,rock,,102.5,4,0
410,Shieldon,42,7680,70,350,45,118,600000,0.5,30,88.1,42,88,30,rock,steel,57.0,4,0
411,Bastiodon,52,7680,70,495,45,168,600000,1.3,60,88.1,47,138,30,rock,steel,149.5,4,0
412,Burmy,29,3840,70,224,120,45,1000000,0.2,40,50.0,29,45,36,bug,,3.4,4,0
413,Wormadam,69,3840,70,424,45,95,1000000,0.5,60,0.0,69,95,36,bug,grass,6.5,4,0
414,Mothim,94,3840,70,424,45,50,1000000,0.9,70,100.0,94,50,66,bug,flying,23.3,4,0
415,Combee,30,3840,70,244,120,42,1059860,0.3,30,88.1,30,42,70,bug,flying,5.5,4,0
416,Vespiquen,80,3840,70,474,45,102,1059860,1.2,70,0.0,80,102,40,bug,flying,38.5,4,0
417,Pachirisu,45,2560,100,405,200,70,1000000,0.4,60,50.0,45,90,95,electric,,3.9,4,0
418,Buizel,65,5120,70,330,190,35,1000000,0.7,55,50.0,60,30,85,water,,29.5,4,0
419,Floatzel,105,5120,70,495,75,55,1000000,1.1,85,50.0,85,50,115,water,,33.5,4,0
420,Cherubi,35,5120,70,275,190,45,1000000,0.4,45,50.0,62,53,35,grass,,3.3,4,0
421,Cherrim,60,5120,70,450,75,70,1000000,0.5,70,50.0,87,78,85,grass,,9.3,4,0
422,Shellos,48,5120,70,325,190,48,1000000,0.3,76,50.0,57,62,34,water,,6.3,4,0
423,Gastrodon,83,5120,70,475,75,68,1000000,0.9,111,50.0,92,82,39,water,ground,29.9,4,0
424,Ambipom,100,5120,100,482,45,66,800000,1.2,75,50.0,60,66,115,normal,,20.3,4,0
425,Drifloon,50,7680,70,348,125,34,1640000,0.4,90,50.0,60,44,70,ghost,flying,1.2,4,0
426,Drifblim,80,7680,70,498,60,44,1640000,1.2,150,50.0,90,54,80,ghost,flying,15.0,4,0
427,Buneary,66,5120,0,350,190,44,1000000,0.4,55,50.0,44,56,85,normal,,5.5,4,0
428,Lopunny,136,5120,140,580,60,94,1000000,1.2,65,50.0,54,96,135,normal,,33.3,4,0
429,Mismagius,60,6400,35,495,45,60,800000,0.9,60,50.0,105,105,105,ghost,,4.4,4,0
430,Honchkrow,125,5120,35,505,30,52,1059860,0.9,100,50.0,105,52,71,dark,flying,27.3,4,0
431,Glameow,55,5120,70,310,190,42,800000,0.5,49,24.6,42,37,85,normal,,3.9,4,0
432,Purugly,82,5120,70,452,75,64,800000,1.0,71,24.6,64,59,112,normal,,43.8,4,0
433,Chingling,30,6400,70,285,120,50,800000,0.2,45,50.0,65,50,45,psychic,,0.6,4,0
434,Stunky,63,5120,70,329,225,47,1000000,0.4,63,50.0,41,41,74,poison,dark,19.2,4,0
435,Skuntank,93,5120,70,479,60,67,1000000,1.0,103,50.0,71,61,84,poison,dark,38.0,4,0
436,Bronzor,24,5120,70,300,255,86,1000000,0.5,57,,24,86,23,steel,psychic,60.5,4,0
437,Bronzong,89,5120,70,500,90,116,1000000,1.3,67,,79,116,33,steel,psychic,187.0,4,0
438,Bonsly,80,5120,70,290,255,95,1000000,0.5,50,50.0,10,45,10,rock,,15.0,4,0
439,Mime Jr.,25,6400,70,310,145,45,1000000,0.6,20,50.0,70,90,60,psychic,fairy,13.0,4,0
440,Happiny,5,10240,140,220,130,5,800000,0.6,100,0.0,15,65,30,normal,,24.4,4,0
441,Chatot,65,5120,35,411,30,45,1059860,0.5,76,50.0,92,42,91,normal,flying,1.9,4,0
442,Spiritomb,92,7680,70,485,100,108,1000000,1.0,50,50.0,92,108,35,ghost,dark,108.0,4,0
443,Gible,70,10240,70,300,45,45,1250000,0.7,58,50.0,40,45,42,dragon,ground,20.5,4,0
444,Gabite,90,10240,70,410,45,65,1250000,1.4,68,50.0,50,55,82,dragon,ground,56.0,4,0
445,Garchomp,170,10240,70,700,45,115,1250000,1.9,108,50.0,120,95,92,dragon,ground,95.0,4,0
446,Munchlax,85,10240,70,390,50,40,1250000,0.6,135,88.1,40,85,5,normal,,105.0,4,0
447,Riolu,70,6400,70,285,75,40,1059860,0.7,40,88.1,35,40,60,fighting,,20.2,4,0
448,Lucario,145,6400,70,625,45,88,1059860,1.2,70,88.1,140,70,112,fighting,steel,54.0,4,0
449,Hippopotas,72,7680,70,330,140,78,1250000,0.8,68,50.0,38,42,32,ground,,49.5,4,0
450,Hippowdon,112,7680,70,525,60,118,1250000,2.0,108,50.0,68,72,47,ground,,300.0,4,0
451,Skorupi,50,5120,70,330,120,90,1250000,0.8,40,50.0,30,55,65,poison,bug,12.0,4,0
452,Drapion,90,5120,70,500,45,110,1250000,1.3,70,50.0,60,75,95,poison,dark,61.5,4,0
453,Croagunk,61,2560,100,300,140,40,1000000,0.7,48,50.0,61,40,50,poison,fighting,23.0,4,0
454,Toxicroak,106,5120,70,490,75,65,1000000,1.3,83,50.0,86,65,85,poison,fighting,44.4,4,0
455,Carnivine,100,6400,70,454,200,72,1250000,1.4,74,50.0,90,72,46,grass,,27.0,4,0
456,Finneon,49,5120,70,330,190,56,600000,0.4,49,50.0,49,61,66,water,,7.0,4,0
457,Lumineon,69,5120,70,460,75,76,600000,1.2,69,50.0,69,86,91,water,,24.0,4,0
458,Mantyke,20,6400,70,345,25,50,1250000,1.0,45,50.0,60,120,50,water,flying,65.0,4,0
459,Snover,62,5120,70,334,120,50,1250000,1.0,60,50.0,62,60,40,grass,ice,50.5,4,0
460,Abomasnow,132,5120,70,594,60,105,1250000,2.2,90,50.0,132,105,30,grass,ice,135.5,4,0
461,Weavile,120,5120,35,510,45,65,1059860,1.1,70,50.0,45,85,125,dark,ice,34.0,4,0
462,Magnezone,70,5120,70,535,30,115,1000000,1.2,70,,130,90,60,electric,steel,180.0,4,0
463,Lickilicky,85,5120,70,515,30,95,1000000,1.7,110,50.0,80,95,50,normal,,140.0,4,0
464,Rhyperior,140,5120,70,535,30,130,1250000,2.4,115,50.0,55,55,40,ground,rock,282.8,4,0
465,Tangrowth,100,5120,70,535,30,125,1000000,2.0,100,50.0,110,50,50,grass,,128.6,4,0
466,Electivire,123,6400,70,540,30,67,1000000,1.8,75,75.4,95,85,95,electric,,138.6,4,0
467,Magmortar,95,6400,70,540,30,67,1000000,1.6,75,75.4,125,95,83,fire,,68.0,4,0
468,Togekiss,50,2560,70,545,30,95,800000,1.5,85,88.1,120,115,80,fairy,flying,38.0,4,0
469,Yanmega,76,5120,70,515,30,86,1000000,1.9,86,50.0,116,56,95,bug,flying,51.5,4,0
470,Leafeon,110,8960,35,525,45,130,1000000,1.0,65,88.1,60,65,95,grass,,25.5,4,0
471,Glaceon,60,8960,35,525,45,110,1000000,0.8,65,88.1,130,95,65,ice,,25.9,4,0
472,Gliscor,95,5120,70,510,30,125,1059860,2.0,75,50.0,45,75,95,ground,flying,42.5,4,0
473,Mamoswine,130,5120,70,530,50,80,1250000,2.5,110,50.0,70,60,80,ice,ground,291.0,4,0
474,Porygon-Z,80,5120,70,535,30,70,1000000,0.9,85,,135,75,90,normal,,34.0,4,0
475,Gallade,165,5120,35,618,45,95,1250000,1.6,68,100.0,65,115,110,psychic,fighting,52.0,4,0
476,Probopass,55,5120,70,525,60,145,1000000,1.4,60,50.0,75,150,40,rock,steel,340.0,4,0
477,Dusknoir,100,6400,35,525,45,135,800000,2.2,45,50.0,65,135,45,ghost,,106.6,4,0
478,Froslass,80,5120,70,480,75,70,1000000,1.3,70,0.0,80,70,110,ice,ghost,26.6,4,0
479,Rotom,65,5120,70,520,45,107,1000000,0.3,50,,105,107,86,electric,ghost,0.3,4,0
480,Uxie,75,20480,140,580,3,130,1250000,0.3,75,,75,130,95,psychic,,0.3,4,1
481,Mesprit,105,20480,140,580,3,105,1250000,0.3,80,,105,105,80,psychic,,0.3,4,1
482,Azelf,125,20480,140,580,3,70,1250000,0.3,75,,125,70,115,psychic,,0.3,4,1
483,Dialga,120,30720,0,680,3,120,1250000,5.4,100,,150,100,90,steel,dragon,683.0,4,1
484,Palkia,120,30720,0,680,3,100,1250000,4.2,90,,150,120,100,water,dragon,336.0,4,1
485,Heatran,90,2560,100,600,3,106,1250000,1.7,91,50.0,130,106,77,fire,steel,430.0,4,1
486,Regigigas,160,30720,0,670,3,110,1250000,3.7,110,,80,110,100,normal,,420.0,4,1
487,Giratina,120,30720,0,680,3,100,1250000,4.5,150,,120,100,90,ghost,dragon,750.0,4,1
488,Cresselia,70,30720,100,600,3,120,1250000,1.5,120,0.0,75,130,85,psychic,,85.6,4,1
489,Phione,80,10240,70,480,30,80,1250000,0.4,80,,80,80,80,water,,3.1,4,0
490,Manaphy,100,2560,70,600,3,100,1250000,0.3,100,,100,100,100,water,,1.4,4,1
491,Darkrai,90,30720,0,600,3,90,1250000,1.5,70,,135,90,125,dark,,50.5,4,1
492,Shaymin,103,30720,100,600,45,75,1059860,0.2,100,,120,75,127,grass,grass,2.1,4,1
493,Arceus,120,30720,0,720,3,120,1250000,3.2,120,,120,120,120,normal,,320.0,4,1
494,Victini,100,30720,100,600,3,100,1250000,0.4,100,,100,100,100,psychic,fire,4.0,5,1
495,Snivy,45,5120,70,308,45,55,1059860,0.6,45,88.1,45,55,63,grass,,8.1,5,0
496,Servine,60,5120,70,413,45,75,1059860,0.8,60,88.1,60,75,83,grass,,16.0,5,0
497,Serperior,75,5120,70,528,45,95,1059860,3.3,75,88.1,75,95,113,grass,,63.0,5,0
498,Tepig,63,5120,70,308,45,45,1059860,0.5,65,88.1,45,45,45,fire,,9.9,5,0
499,Pignite,93,5120,70,418,45,55,1059860,1.0,90,88.1,70,55,55,fire,fighting,55.5,5,0
500,Emboar,123,5120,70,528,45,65,1059860,1.6,110,88.1,100,65,65,fire,fighting,150.0,5,0
501,Oshawott,55,5120,70,308,45,45,1059860,0.5,55,88.1,63,45,45,water,,5.9,5,0
502,Dewott,75,5120,70,413,45,60,1059860,0.8,75,88.1,83,60,60,water,,24.5,5,0
503,Samurott,100,5120,70,528,45,85,1059860,1.5,95,88.1,108,70,70,water,,94.6,5,0
504,Patrat,55,3840,70,255,255,39,1000000,0.5,45,50.0,35,39,42,normal,,11.6,5,0
505,Watchog,85,5120,70,420,255,69,1000000,1.1,60,50.0,60,69,77,normal,,27.0,5,0
506,Lillipup,60,3840,70,275,255,45,1059860,0.4,45,50.0,25,45,55,normal,,4.1,5,0
507,Herdier,80,3840,70,370,120,65,1059860,0.9,65,50.0,35,65,60,normal,,14.7,5,0
508,Stoutland,110,3840,70,500,45,90,1059860,1.2,85,50.0,45,90,80,normal,,61.0,5,0
509,Purrloin,50,5120,70,281,255,37,1000000,0.4,41,50.0,50,37,66,dark,,10.1,5,0
510,Liepard,88,5120,70,446,90,50,1000000,1.1,64,50.0,88,50,106,dark,,37.5,5,0
511,Pansage,53,5120,70,316,190,48,1000000,0.6,50,88.1,53,48,64,grass,,10.5,5,0
512,Simisage,98,5120,70,498,75,63,1000000,1.1,75,88.1,98,63,101,grass,,30.5,5,0
513,Pansear,53,5120,70,316,190,48,1000000,0.6,50,88.1,53,48,64,fire,,11.0,5,0
514,Simisear,98,5120,70,498,75,63,1000000,1.0,75,88.1,98,63,101,fire,,28.0,5,0
515,Panpour,53,5120,70,316,190,48,1000000,0.6,50,88.1,53,48,64,water,,13.5,5,0
516,Simipour,98,5120,70,498,75,63,1000000,1.0,75,88.1,98,63,101,water,,29.0,5,0
517,Munna,25,2560,70,292,190,45,800000,0.6,76,50.0,67,55,24,psychic,,23.3,5,0
518,Musharna,55,2560,70,487,75,85,800000,1.1,116,50.0,107,95,29,psychic,,60.5,5,0
519,Pidove,55,3840,70,264,255,50,1059860,0.3,50,50.0,36,30,43,normal,flying,2.1,5,0
520,Tranquill,77,3840,70,358,120,62,1059860,0.6,62,50.0,50,42,65,normal,flying,15.0,5,0
521,Unfezant,115,3840,70,488,45,80,1059860,1.2,80,50.0,65,55,93,normal,flying,29.0,5,0
522,Blitzle,60,5120,70,295,190,32,1000000,0.8,45,50.0,50,32,76,electric,,29.8,5,0
523,Zebstrika,100,5120,70,497,75,63,1000000,1.6,75,50.0,80,63,116,electric,,79.5,5,0
524,Roggenrola,75,3840,70,280,255,85,1059860,0.4,55,50.0,25,25,15,rock,,18.0,5,0
525,Boldore,105,3840,70,390,120,105,1059860,0.9,70,50.0,50,40,20,rock,,102.0,5,0
526,Gigalith,135,3840,70,515,45,130,1059860,1.7,85,50.0,60,80,25,rock,,260.0,5,0
527,Woobat,45,3840,70,323,190,43,1000000,0.4,65,50.0,55,43,72,psychic,flying,2.1,5,0
528,Swoobat,57,3840,70,425,45,55,1000000,0.9,67,50.0,77,55,114,psychic,flying,10.5,5,0
529,Drilbur,85,5120,70,328,120,40,1000000,0.3,60,50.0,30,45,68,ground,,8.5,5,0
530,Excadrill,135,5120,70,508,60,60,1000000,0.7,110,50.0,50,65,88,ground,steel,40.4,5,0
531,Audino,60,5120,70,545,255,126,800000,1.1,103,50.0,80,126,50,normal,,31.0,5,0
532,Timburr,80,5120,70,305,180,55,1059860,0.6,75,75.4,25,35,35,fighting,,12.5,5,0
533,Gurdurr,105,5120,70,405,90,85,1059860,1.2,85,75.4,40,50,40,fighting,,40.0,5,0
534,Conkeldurr,140,5120,70,505,45,95,1059860,1.4,105,75.4,55,65,45,fighting,,87.0,5,0
535,Tympole,50,5120,70,294,255,40,1059860,0.5,50,50.0,50,40,64,water,,4.5,5,0
536,Palpitoad,65,5120,70,384,120,55,1059860,0.8,75,50.0,65,55,69,water,ground,17.0,5,0
537,Seismitoad,95,5120,70,509,45,75,1059860,1.5,105,50.0,85,75,74,water,ground,62.0,5,0
538,Throh,100,5120,70,465,45,85,1000000,1.3,120,100.0,30,85,45,fighting,,55.5,5,0
539,Sawk,125,5120,70,465,45,75,1000000,1.4,75,100.0,30,75,85,fighting,,51.0,5,0
540,Sewaddle,53,3840,70,310,255,70,1059860,0.3,45,50.0,40,60,42,bug,grass,2.5,5,0
541,Swadloon,63,3840,70,380,120,90,1059860,0.5,55,50.0,50,80,42,bug,grass,7.3,5,0
542,Leavanny,103,3840,70,500,45,80,1059860,1.2,75,50.0,70,80,92,bug,grass,20.5,5,0
543,Venipede,45,3840,70,260,255,59,1059860,0.4,30,50.0,30,39,57,bug,poison,5.3,5,0
544,Whirlipede,55,3840,70,360,120,99,1059860,1.2,40,50.0,40,79,47,bug,poison,58.5,5,0
545,Scolipede,100,5120,70,485,45,89,1059860,2.5,60,50.0,55,69,112,bug,poison,200.5,5,0
546,Cottonee,27,5120,70,280,190,60,1000000,0.3,40,50.0,37,50,66,grass,fairy,0.6,5,0
547,Whimsicott,67,5120,70,480,75,85,1000000,0.7,60,50.0,77,75,116,grass,fairy,6.6,5,0
548,Petilil,35,5120,70,280,190,50,1000000,0.5,45,0.0,70,50,30,grass,,6.6,5,0
549,Lilligant,60,5120,70,480,75,75,1000000,1.1,70,0.0,110,75,90,grass,,16.3,5,0
550,Basculin,92,10240,70,460,25,65,1000000,1.0,70,50.0,80,55,98,water,,18.0,5,0
551,Sandile,72,5120,70,292,180,35,1059860,0.7,50,50.0,35,35,65,ground,dark,15.2,5,0
552,Krokorok,82,5120,70,351,90,45,1059860,1.0,60,50.0,45,45,74,ground,dark,33.4,5,0
553,Krookodile,117,5120,70,519,45,80,1059860,1.5,95,50.0,65,70,92,ground,dark,96.3,5,0
554,Darumaka,90,5120,70,315,120,45,1059860,0.6,70,50.0,15,45,50,fire,,37.5,5,0
555,Darmanitan,30,5120,70,540,60,105,1059860,1.3,105,50.0,140,105,55,fire,fire,92.9,5,0
556,Maractus,86,5120,70,461,255,67,1000000,1.0,75,50.0,106,67,60,grass,,28.0,5,0
557,Dwebble,65,5120,70,325,190,85,1000000,0.3,50,50.0,35,35,55,bug,rock,14.5,5,0
558,Crustle,105,5120,70,485,75,125,1000000,1.4,70,50.0,65,75,45,bug,rock,200.0,5,0
559,Scraggy,75,3840,35,348,180,70,1000000,0.6,50,50.0,35,70,48,dark,fighting,11.8,5,0
560,Scrafty,90,3840,70,488,90,115,1000000,1.1,65,50.0,45,115,58,dark,fighting,30.0,5,0
561,Sigilyph,58,5120,70,490,45,80,1000000,1.4,72,50.0,103,80,97,psychic,flying,14.0,5,0
562,Yamask,30,6400,70,303,190,85,1000000,0.5,38,50.0,55,65,30,ghost,,1.5,5,0
563,Cofagrigus,50,6400,70,483,90,145,1000000,1.7,58,50.0,95,105,30,ghost,,76.5,5,0
564,Tirtouga,78,7680,70,355,45,103,1000000,0.7,54,88.1,53,45,22,water,rock,16.5,5,0
565,Carracosta,108,7680,70,495,45,133,1000000,1.2,74,88.1,83,65,32,water,rock,81.0,5,0
566,Archen,112,7680,70,401,45,45,1000000,0.5,55,88.1,74,45,70,rock,flying,9.5,5,0
567,Archeops,140,7680,70,567,45,65,1000000,1.4,75,88.1,112,65,110,rock,flying,32.0,5,0
568,Trubbish,50,5120,70,329,190,62,1000000,0.6,50,50.0,40,62,65,poison,,31.0,5,0
569,Garbodor,95,5120,70,474,60,82,1000000,1.9,80,50.0,60,82,75,poison,,107.3,5,0
570,Zorua,65,6400,70,330,75,40,1059860,0.7,40,88.1,80,40,65,dark,,12.5,5,0
571,Zoroark,105,5120,70,510,45,60,1059860,1.6,60,88.1,120,60,105,dark,,81.1,5,0
572,Minccino,50,3840,70,300,255,40,800000,0.4,55,24.6,40,40,75,normal,,5.8,5,0
573,Cinccino,95,3840,70,470,60,60,800000,0.5,75,24.6,65,60,115,normal,,7.5,5,0
574,Gothita,30,5120,70,290,200,50,1059860,0.4,45,24.6,55,65,45,psychic,,5.8,5,0
575,Gothorita,45,5120,70,390,100,70,1059860,0.7,60,24.6,75,85,55,psychic,,18.0,5,0
576,Gothitelle,55,5120,70,490,50,95,1059860,1.5,70,24.6,95,110,65,psychic,,44.0,5,0
577,Solosis,30,5120,70,290,200,40,1059860,0.3,45,50.0,105,50,20,psychic,,1.0,5,0
578,Duosion,40,5120,70,370,100,50,1059860,0.6,65,50.0,125,60,30,psychic,,8.0,5,0
579,Reuniclus,65,5120,70,490,50,75,1059860,1.0,110,50.0,125,85,30,psychic,,20.1,5,0
580,Ducklett,44,5120,70,305,190,50,1000000,0.5,62,50.0,44,50,55,water,flying,5.5,5,0
581,Swanna,87,5120,70,473,45,63,1000000,1.3,75,50.0,87,63,98,water,flying,24.2,5,0
582,Vanillite,50,5120,70,305,255,50,1250000,0.4,36,50.0,65,60,44,ice,,5.7,5,0
583,Vanillish,65,5120,70,395,120,65,1250000,1.1,51,50.0,80,75,59,ice,,41.0,5,0
584,Vanilluxe,95,5120,70,535,45,85,1250000,1.3,71,50.0,110,95,79,ice,,57.5,5,0
585,Deerling,60,5120,70,335,190,50,1000000,0.6,60,50.0,40,50,75,normal,grass,19.5,5,0
586,Sawsbuck,100,5120,70,475,75,70,1000000,1.9,80,50.0,60,70,95,normal,grass,92.5,5,0
587,Emolga,75,5120,70,428,200,60,1000000,0.4,55,50.0,75,60,103,electric,flying,5.0,5,0
588,Karrablast,75,3840,70,315,200,45,1000000,0.5,50,50.0,40,45,60,bug,,5.9,5,0
589,Escavalier,135,3840,70,495,75,105,1000000,1.0,70,50.0,60,105,20,bug,steel,33.0,5,0
590,Foongus,55,5120,70,294,190,45,1000000,0.2,69,50.0,55,55,15,grass,poison,1.0,5,0
591,Amoonguss,85,5120,70,464,75,70,1000000,0.6,114,50.0,85,80,30,grass,poison,10.5,5,0
592,Frillish,40,5120,70,335,190,50,1000000,1.2,55,50.0,65,85,40,water,ghost,33.0,5,0
593,Jellicent,60,5120,70,480,60,70,1000000,2.2,100,50.0,85,105,60,water,ghost,135.0,5,0
594,Alomomola,75,10240,70,470,75,80,800000,1.2,165,50.0,40,45,65,water,,31.6,5,0
595,Joltik,47,5120,70,319,190,50,1000000,0.1,50,50.0,57,50,65,bug,electric,0.6,5,0
596,Galvantula,77,5120,70,472,75,60,1000000,0.8,70,50.0,97,60,108,bug,electric,14.3,5,0
597,Ferroseed,50,5120,70,305,255,91,1000000,0.6,44,50.0,24,86,10,grass,steel,18.8,5,0
598,Ferrothorn,94,5120,70,489,90,131,1000000,1.0,74,50.0,54,116,20,grass,steel,110.0,5,0
599,Klink,55,5120,70,300,130,70,1059860,0.3,40,,45,60,30,steel,,21.0,5,0
600,Klang,80,5120,70,440,60,95,1059860,0.6,60,,70,85,50,steel,,51.0,5,0
601,Klinklang,100,5120,70,520,30,115,1059860,0.6,60,,70,85,90,steel,,81.0,5,0
602,Tynamo,55,5120,70,275,190,40,1250000,0.2,35,50.0,45,40,60,electric,,0.3,5,0
603,Eelektrik,85,5120,70,405,60,70,1250000,1.2,65,50.0,75,70,40,electric,,22.0,5,0
604,Eelektross,115,5120,70,515,30,80,1250000,2.1,85,50.0,105,80,50,electric,,80.5,5,0
605,Elgyem,55,5120,70,335,255,55,1000000,0.5,55,50.0,85,55,30,psychic,,9.0,5,0
606,Beheeyem,75,5120,70,485,90,75,1000000,1.0,75,50.0,125,95,40,psychic,,34.5,5,0
607,Litwick,30,5120,70,275,190,55,1059860,0.3,50,50.0,65,55,20,ghost,fire,3.1,5,0
608,Lampent,40,5120,70,370,90,60,1059860,0.6,60,50.0,95,60,55,ghost,fire,13.0,5,0
609,Chandelure,55,5120,70,520,45,90,1059860,1.0,60,50.0,145,90,80,ghost,fire,34.3,5,0
610,Axew,87,10240,35,320,75,60,1250000,0.6,46,50.0,30,40,57,dragon,,18.0,5,0
611,Fraxure,117,10240,35,410,60,70,1250000,1.0,66,50.0,40,50,67,dragon,,36.0,5,0
612,Haxorus,147,10240,35,540,45,90,1250000,1.8,76,50.0,60,70,97,dragon,,105.5,5,0
613,Cubchoo,70,5120,70,305,120,40,1000000,0.5,55,50.0,60,40,40,ice,,8.5,5,0
614,Beartic,130,5120,70,505,60,80,1000000,2.6,95,50.0,70,80,50,ice,,260.0,5,0
615,Cryogonal,50,6400,70,515,25,50,1000000,1.1,80,,95,135,105,ice,,148.0,5,0
616,Shelmet,40,3840,70,305,200,85,1000000,0.4,50,50.0,40,65,25,bug,,7.7,5,0
617,Accelgor,70,3840,70,495,75,40,1000000,0.8,80,50.0,100,60,145,bug,,25.3,5,0
618,Stunfisk,66,5120,70,471,75,84,1000000,0.7,109,50.0,81,99,32,ground,electric,11.0,5,0
619,Mienfoo,85,6400,70,350,180,50,1059860,0.9,45,50.0,55,50,65,fighting,,20.0,5,0
620,Mienshao,125,6400,70,510,45,60,1059860,1.4,65,50.0,95,60,105,fighting,,35.5,5,0
621,Druddigon,120,7680,70,485,45,90,1000000,1.6,77,50.0,60,90,48,dragon,,139.0,5,0
622,Golett,74,6400,70,303,190,50,1000000,1.0,59,,35,50,35,ground,ghost,92.0,5,0
623,Golurk,124,6400,70,483,90,80,1000000,2.8,89,,55,80,55,ground,ghost,330.0,5,0
624,Pawniard,85,5120,35,340,120,70,1000000,0.5,45,50.0,40,40,60,dark,steel,10.2,5,0
625,Bisharp,125,5120,35,490,45,100,1000000,1.6,65,50.0,60,70,70,dark,steel,70.0,5,0
626,Bouffalant,110,5120,70,490,45,95,1000000,1.6,95,50.0,40,95,55,normal,,94.6,5,0
627,Rufflet,83,5120,70,350,190,50,1250000,0.5,70,100.0,37,50,60,normal,flying,10.5,5,0
628,Braviary,123,5120,70,510,60,75,1250000,1.5,100,100.0,57,75,80,normal,flying,41.0,5,0
629,Vullaby,55,5120,35,370,190,75,1250000,0.5,70,0.0,45,65,60,dark,flying,9.0,5,0
630,Mandibuzz,65,5120,35,510,60,105,1250000,1.2,110,0.0,55,95,80,dark,flying,39.5,5,0
631,Heatmor,97,5120,70,484,90,66,1000000,1.4,85,50.0,105,66,65,fire,,58.0,5,0
632,Durant,109,5120,70,484,90,112,1000000,0.3,58,50.0,48,48,109,bug,steel,33.0,5,0
633,Deino,65,10240,35,300,45,50,1250000,0.8,52,50.0,45,50,38,dark,dragon,17.3,5,0
634,Zweilous,85,10240,35,420,45,70,1250000,1.4,72,50.0,65,70,58,dark,dragon,50.0,5,0
635,Hydreigon,105,10240,35,600,45,90,1250000,1.8,92,50.0,125,90,98,dark,dragon,160.0,5,0
636,Larvesta,85,10240,70,360,45,55,1250000,1.1,55,50.0,50,55,60,bug,fire,28.8,5,0
637,Volcarona,60,10240,70,550,15,65,1250000,1.6,85,50.0,135,105,100,bug,fire,46.0,5,0
638,Cobalion,90,20480,35,580,3,129,1250000,2.1,91,,90,72,108,steel,fighting,250.0,5,1
639,Terrakion,129,20480,35,580,3,90,1250000,1.9,91,,72,90,108,rock,fighting,260.0,5,1
640,Virizion,90,20480,35,580,3,72,1250000,2.0,91,,90,129,108,grass,fighting,200.0,5,1
641,Tornadus,100,30720,90,580,3,80,1250000,1.5,79,100.0,110,90,121,flying,,63.0,5,1
642,Thundurus,105,30720,90,580,3,70,1250000,1.5,79,100.0,145,80,101,electric,flying,61.0,5,1
643,Reshiram,120,30720,0,680,3,100,1250000,3.2,100,,150,120,90,dragon,fire,330.0,5,1
644,Zekrom,150,30720,0,680,3,120,1250000,2.9,100,,120,100,90,dragon,electric,345.0,5,1
645,Landorus,145,30720,90,600,3,90,1250000,1.5,89,100.0,105,80,91,ground,flying,68.0,5,1
646,Kyurem,120,30720,0,700,3,90,1250000,3.0,125,,170,100,95,dragon,ice,325.0,5,1
647,Keldeo,72,20480,35,580,3,90,1250000,1.4,91,,129,90,108,water,fighting,48.5,5,1
648,Meloetta,128,30720,100,600,3,90,1250000,0.6,100,,77,77,128,normal,psychic,6.5,5,1
649,Genesect,120,30720,0,600,3,95,1250000,1.5,71,,120,95,99,bug,steel,82.5,5,1
650,Chespin,61,5120,70,313,45,65,1059860,0.4,56,88.1,48,45,38,grass,,9.0,6,0
651,Quilladin,78,5120,70,405,45,95,1059860,0.7,61,88.1,56,58,57,grass,,29.0,6,0
652,Chesnaught,107,5120,70,530,45,122,1059860,1.6,88,88.1,74,75,64,grass,fighting,90.0,6,0
653,Fennekin,45,5120,70,307,45,40,1059860,0.4,40,88.1,62,60,60,fire,,9.4,6,0
654,Braixen,59,5120,70,409,45,58,1059860,1.0,59,88.1,90,70,73,fire,,14.5,6,0
655,Delphox,69,5120,70,534,45,72,1059860,1.5,75,88.1,114,100,104,fire,psychic,39.0,6,0
656,Froakie,56,5120,70,314,45,40,1059860,0.3,41,88.1,62,44,71,water,,7.0,6,0
657,Frogadier,63,5120,70,405,45,52,1059860,0.6,54,88.1,83,56,97,water,,10.9,6,0
658,Greninja,145,5120,70,640,45,67,1059860,1.5,72,88.1,153,71,132,water,dark,40.0,6,0
659,Bunnelby,36,3840,70,237,255,38,1000000,0.4,38,50.0,32,36,57,normal,,5.0,6,0
660,Diggersby,56,3840,70,423,127,77,1000000,1.0,85,50.0,50,77,78,normal,ground,42.4,6,0
661,Fletchling,50,3840,70,278,255,43,1059860,0.3,45,50.0,40,38,62,normal,flying,1.7,6,0
662,Fletchinder,73,3840,70,382,120,55,1059860,0.7,62,50.0,56,52,84,fire,flying,16.0,6,0
663,Talonflame,81,3840,70,499,45,71,1059860,1.2,78,50.0,74,69,126,fire,flying,24.5,6,0
664,Scatterbug,35,3840,70,200,255,40,1000000,0.3,38,50.0,27,25,35,bug,,2.5,6,0
665,Spewpa,22,3840,70,213,120,60,1000000,0.3,45,50.0,27,30,29,bug,,8.4,6,0
666,Vivillon,52,3840,70,411,45,50,1000000,1.2,80,50.0,90,50,89,bug,flying,17.0,6,0
667,Litleo,50,5120,70,369,220,58,1059860,0.6,62,11.2,73,54,72,fire,normal,13.5,6,0
668,Pyroar,68,5120,70,507,65,72,1059860,1.5,86,11.2,109,66,106,fire,normal,81.5,6,0
669,Flabébé,38,5120,70,303,225,39,1000000,0.1,44,0.0,61,79,42,fairy,,0.1,6,0
670,Floette,65,5120,70,551,120,67,1000000,0.2,74,0.0,125,128,92,fairy,,0.9,6,0
671,Florges,65,5120,70,552,45,68,1000000,1.1,78,0.0,112,154,75,fairy,,10.0,6,0
672,Skiddo,65,5120,70,350,200,48,1000000,0.9,66,50.0,62,57,52,grass,,31.0,6,0
673,Gogoat,100,5120,70,531,45,62,1000000,1.7,123,50.0,97,81,68,grass,,91.0,6,0
674,Pancham,82,6400,70,348,220,62,1000000,0.6,67,50.0,46,48,43,fighting,,8.0,6,0
675,Pangoro,124,6400,70,495,65,78,1000000,2.1,95,50.0,69,71,58,fighting,dark,136.0,6,0
676,Furfrou,80,5120,70,472,160,60,1000000,1.2,75,50.0,65,90,102,normal,,28.0,6,0
677,Espurr,48,5120,70,355,190,54,1000000,0.3,62,50.0,63,60,68,psychic,,3.5,6,0
678,Meowstic,48,5120,70,466,75,76,1000000,0.6,74,50.0,83,81,104,psychic,,8.5,6,0
679,Honedge,80,5120,70,325,180,100,1000000,0.8,45,50.0,35,37,28,steel,ghost,2.0,6,0
680,Doublade,110,5120,70,448,90,150,1000000,0.8,59,50.0,45,49,35,steel,ghost,4.5,6,0
681,Aegislash,150,5120,70,520,45,50,1000000,1.7,60,50.0,150,50,60,steel,ghost,53.0,6,0
682,Spritzee,52,5120,70,341,200,60,1000000,0.2,78,50.0,63,65,23,fairy,,0.5,6,0
683,Aromatisse,72,5120,70,462,140,72,1000000,0.8,101,50.0,99,89,29,fairy,,15.5,6,0
684,Swirlix,48,5120,70,341,200,66,1000000,0.4,62,50.0,59,57,49,fairy,,3.5,6,0
685,Slurpuff,80,5120,70,480,140,86,1000000,0.8,82,50.0,85,75,72,fairy,,5.0,6,0
686,Inkay,54,5120,70,288,190,53,1000000,0.4,53,50.0,37,46,45,dark,psychic,3.5,6,0
687,Malamar,92,5120,70,482,80,88,1000000,1.5,86,50.0,68,75,73,dark,psychic,47.0,6,0
688,Binacle,52,5120,70,306,120,67,1000000,0.5,42,50.0,39,56,50,rock,water,31.0,6,0
689,Barbaracle,105,5120,70,500,45,115,1000000,1.3,72,50.0,54,86,68,rock,water,96.0,6,0
690,Skrelp,60,5120,70,320,225,60,1000000,0.5,50,50.0,60,60,30,poison,water,7.3,6,0
691,Dragalge,75,5120,70,494,55,90,1000000,1.8,65,50.0,97,123,44,poison,dragon,81.5,6,0
692,Clauncher,53,3840,70,330,225,62,1250000,0.5,50,50.0,58,63,44,water,,8.3,6,0
693,Clawitzer,73,3840,70,500,55,88,1250000,1.3,71,50.0,120,89,59,water,,35.3,6,0
694,Helioptile,38,5120,70,289,190,33,1000000,0.5,44,50.0,61,43,70,electric,normal,6.0,6,0
695,Heliolisk,55,5120,70,481,75,52,1000000,1.0,62,50.0,109,94,109,electric,normal,21.0,6,0
696,Tyrunt,89,7680,70,362,45,77,1000000,0.8,58,88.1,45,45,48,rock,dragon,26.0,6,0
697,Tyrantrum,121,7680,70,521,45,119,1000000,2.5,82,88.1,69,59,71,rock,dragon,270.0,6,0
698,Amaura,59,7680,70,362,45,50,1000000,1.3,77,88.1,67,63,46,rock,ice,25.2,6,0
699,Aurorus,77,7680,70,521,45,72,1000000,2.7,123,88.1,99,92,58,rock,ice,225.0,6,0
700,Sylveon,65,8960,70,525,45,65,1000000,1.0,95,88.1,110,130,60,fairy,,23.5,6,0
701,Hawlucha,92,5120,70,500,100,75,1000000,0.8,78,50.0,74,63,118,fighting,flying,21.5,6,0
702,Dedenne,58,5120,70,431,180,57,1000000,0.2,67,50.0,81,67,101,electric,fairy,2.2,6,0
703,Carbink,50,6400,70,500,60,150,1250000,0.3,50,,50,150,50,rock,fairy,5.7,6,0
704,Goomy,50,10240,35,300,45,35,1250000,0.3,45,50.0,55,75,40,dragon,,2.8,6,0
705,Sliggoo,75,10240,35,452,45,53,1250000,0.8,68,50.0,83,113,60,dragon,,17.5,6,0
706,Goodra,100,10240,35,600,45,70,1250000,2.0,90,50.0,110,150,80,dragon,,150.5,6,0
707,Klefki,80,5120,70,470,75,91,800000,0.2,57,50.0,80,87,75,steel,fairy,3.0,6,0
708,Phantump,70,5120,70,309,120,48,1000000,0.4,43,50.0,50,60,38,ghost,grass,7.0,6,0
709,Trevenant,110,5120,70,474,60,76,1000000,1.5,85,50.0,65,82,56,ghost,grass,71.0,6,0
710,Pumpkaboo,66,5120,70,335,120,70,1000000,0.8,59,50.0,44,55,41,ghost,grass,15.0,6,0
711,Gourgeist,100,5120,70,494,60,122,1000000,1.7,85,50.0,58,75,54,ghost,grass,39.0,6,0
712,Bergmite,69,5120,70,304,190,85,1000000,1.0,55,50.0,32,35,28,ice,,99.5,6,0
713,Avalugg,117,5120,70,514,55,184,1000000,2.0,95,50.0,44,46,28,ice,,505.0,6,0
714,Noibat,30,5120,70,245,190,35,1000000,0.5,40,50.0,45,40,55,flying,dragon,8.0,6,0
715,Noivern,70,5120,70,535,45,80,1000000,1.5,85,50.0,97,80,123,flying,dragon,85.0,6,0
716,Xerneas,131,30720,0,680,45,95,1250000,3.0,126,,131,98,99,fairy,,215.0,6,1
717,Yveltal,131,30720,0,680,45,95,1250000,5.8,126,,131,98,99,dark,flying,203.0,6,1
718,Zygarde,100,30720,0,708,3,121,1250000,5.0,216,,91,95,85,dragon,ground,284.6,6,1
719,Diancie,160,6400,70,700,3,110,1250000,0.7,50,,160,110,110,rock,fairy,8.8,6,1
720,Hoopa,160,30720,100,680,3,60,1250000,,80,,170,130,80,psychic,ghost,,6,1
721,Volcanion,110,30720,100,600,3,120,1250000,1.7,80,,130,90,70,fire,water,195.0,6,1
722,Rowlet,55,3840,70,320,45,55,1059860,0.3,68,88.1,50,50,42,grass,flying,1.5,7,0
723,Dartrix,75,3840,70,420,45,75,1059860,0.7,78,88.1,70,70,52,grass,flying,16.0,7,0
724,Decidueye,107,3840,70,530,45,75,1059860,1.6,78,88.1,100,100,70,grass,ghost,36.6,7,0
725,Litten,65,3840,70,320,45,40,1059860,0.4,45,88.1,60,40,70,fire,,4.3,7,0
726,Torracat,85,3840,70,420,45,50,1059860,0.7,65,88.1,80,50,90,fire,,25.0,7,0
727,Incineroar,115,3840,70,530,45,90,1059860,1.8,95,88.1,80,90,60,fire,dark,83.0,7,0
728,Popplio,54,3840,70,320,45,54,1059860,0.4,50,88.1,66,56,40,water,,7.5,7,0
729,Brionne,69,3840,70,420,45,69,1059860,0.6,60,88.1,91,81,50,water,,17.5,7,0
730,Primarina,74,3840,70,530,45,74,1059860,1.8,80,88.1,126,116,60,water,fairy,44.0,7,0
731,Pikipek,75,3840,70,265,255,30,1000000,0.3,35,50.0,30,30,65,normal,flying,1.2,7,0
732,Trumbeak,85,3840,70,355,120,50,1000000,0.6,55,50.0,40,50,75,normal,flying,14.8,7,0
733,Toucannon,120,3840,70,485,45,75,1000000,1.1,80,50.0,75,75,60,normal,flying,26.0,7,0
734,Yungoos,70,3840,70,253,255,30,1000000,0.4,48,50.0,30,30,45,normal,,6.0,7,0
735,Gumshoos,110,3840,70,418,127,60,1000000,0.7,88,50.0,55,60,45,normal,,14.2,7,0
736,Grubbin,62,3840,70,300,255,45,1000000,0.4,47,50.0,55,45,46,bug,,4.4,7,0
737,Charjabug,82,3840,70,400,120,95,1000000,0.5,57,50.0,55,75,36,bug,electric,10.5,7,0
738,Vikavolt,70,3840,70,500,45,90,1000000,1.5,77,50.0,145,75,43,bug,electric,45.0,7,0
739,Crabrawler,82,5120,70,338,225,57,1000000,0.6,47,50.0,42,47,63,fighting,,7.0,7,0
740,Crabominable,132,5120,70,478,60,77,1000000,1.7,97,50.0,62,67,43,fighting,ice,180.0,7,0
741,Oricorio,70,5120,70,476,45,70,1000000,0.6,75,24.6,98,70,93,fire,flying,3.4,7,0
742,Cutiefly,45,5120,70,304,190,40,1000000,0.1,40,50.0,55,40,84,bug,fairy,0.2,7,0
743,Ribombee,55,5120,70,464,75,60,1000000,0.2,60,50.0,95,70,124,bug,fairy,0.5,7,0
744,Rockruff,65,3840,70,280,190,40,1000000,0.5,45,50.0,30,40,60,rock,,9.2,7,0
745,Lycanroc,115,3840,70,487,90,75,1000000,,85,50.0,55,75,82,rock,,,7,0
746,Wishiwashi,140,3840,70,620,60,130,800000,0.2,45,50.0,140,135,30,water,,0.3,7,0
747,Mareanie,53,5120,70,305,190,62,1000000,0.4,50,50.0,43,52,45,poison,water,8.0,7,0
748,Toxapex,63,5120,70,495,75,152,1000000,0.7,50,50.0,53,142,35,poison,water,14.5,7,0
749,Mudbray,100,5120,70,385,190,70,1000000,1.0,70,50.0,45,55,45,ground,,110.0,7,0
750,Mudsdale,125,5120,70,500,60,100,1000000,2.5,100,50.0,55,85,35,ground,,920.0,7,0
751,Dewpider,40,3840,70,269,200,52,1000000,0.3,38,50.0,40,72,27,water,bug,4.0,7,0
752,Araquanid,70,3840,70,454,100,92,1000000,1.8,68,50.0,50,132,42,water,bug,82.0,7,0
753,Fomantis,55,5120,70,250,190,35,1000000,0.3,40,50.0,50,35,35,grass,,1.5,7,0
754,Lurantis,105,5120,70,480,75,90,1000000,0.9,70,50.0,80,90,45,grass,,18.5,7,0
755,Morelull,35,5120,70,285,190,55,1000000,0.2,40,50.0,65,75,15,grass,fairy,1.5,7,0
756,Shiinotic,45,5120,70,405,75,80,1000000,1.0,60,50.0,90,100,30,grass,fairy,11.5,7,0
757,Salandit,44,5120,70,320,120,40,1000000,0.6,48,88.1,71,40,77,poison,fire,4.8,7,0
758,Salazzle,64,5120,70,480,45,60,1000000,1.2,68,0.0,111,60,117,poison,fire,22.2,7,0
759,Stufful,75,3840,70,340,140,50,1000000,0.5,70,50.0,45,50,50,normal,fighting,6.8,7,0
760,Bewear,125,3840,70,500,70,80,1000000,2.1,120,50.0,55,60,60,normal,fighting,135.0,7,0
761,Bounsweet,30,5120,70,210,235,38,1059860,0.3,42,0.0,30,38,32,grass,,3.2,7,0
762,Steenee,40,5120,70,290,120,48,1059860,0.7,52,0.0,40,48,62,grass,,8.2,7,0
763,Tsareena,120,5120,70,510,45,98,1059860,1.2,72,0.0,50,98,72,grass,,21.4,7,0
764,Comfey,52,5120,70,485,60,90,800000,0.1,51,24.6,82,110,100,fairy,,0.3,7,0
765,Oranguru,60,5120,70,490,45,80,1250000,1.5,90,50.0,90,110,60,normal,psychic,76.0,7,0
766,Passimian,120,5120,70,490,45,90,1250000,2.0,100,50.0,40,60,80,fighting,,82.8,7,0
767,Wimpod,35,5120,70,230,90,40,1000000,0.5,25,50.0,20,30,80,bug,water,12.0,7,0
768,Golisopod,125,5120,70,530,45,140,1000000,2.0,75,50.0,60,90,40,bug,water,108.0,7,0
769,Sandygast,55,3840,70,320,140,80,1000000,0.5,55,50.0,70,45,15,ghost,ground,70.0,7,0
770,Palossand,75,3840,70,480,60,110,1000000,1.3,85,50.0,100,75,35,ghost,ground,250.0,7,0
771,Pyukumuku,60,3840,70,410,60,130,800000,0.3,55,50.0,30,130,5,water,,1.2,7,0
772,Type: Null,95,30720,0,534,3,95,1250000,1.9,95,,95,95,59,normal,,120.5,7,0
773,Silvally,95,30720,0,570,3,95,1250000,2.3,95,,95,95,95,normal,,100.5,7,0
774,Minior,100,6400,70,500,,60,1059860,0.3,60,,100,60,120,rock,flying,40.0,7,0
775,Komala,115,5120,70,480,45,65,1250000,0.4,65,50.0,75,95,65,normal,,19.9,7,0
776,Turtonator,78,5120,70,485,70,135,1000000,2.0,60,50.0,91,85,36,fire,dragon,212.0,7,0
777,Togedemaru,98,2560,70,435,180,63,1000000,0.3,65,50.0,40,73,96,electric,steel,3.3,7,0
778,Mimikyu,90,5120,70,476,45,80,1000000,0.2,55,50.0,50,105,96,ghost,fairy,0.7,7,0
779,Bruxish,105,3840,70,475,80,70,1000000,0.9,68,50.0,70,70,92,water,psychic,19.0,7,0
780,Drampa,60,5120,70,485,70,85,1000000,3.0,78,50.0,135,91,36,normal,dragon,185.0,7,0
781,Dhelmise,131,6400,70,517,25,100,1000000,3.9,70,,86,90,40,ghost,grass,210.0,7,0
782,Jangmo-o,55,10240,70,300,45,65,1250000,0.6,45,50.0,45,45,45,dragon,,29.7,7,0
783,Hakamo-o,75,10240,70,420,45,90,1250000,1.2,55,50.0,65,70,65,dragon,fighting,47.0,7,0
784,Kommo-o,110,10240,70,600,45,125,1250000,1.6,75,50.0,100,105,85,dragon,fighting,78.2,7,0
785,Tapu Koko,115,3840,70,570,3,85,1250000,1.8,70,,95,75,130,electric,fairy,20.5,7,1
786,Tapu Lele,85,3840,70,570,3,75,1250000,1.2,70,,130,115,95,psychic,fairy,18.6,7,1
787,Tapu Bulu,130,3840,70,570,3,115,1250000,1.9,70,,85,95,75,grass,fairy,45.5,7,1
788,Tapu Fini,75,3840,70,570,3,115,1250000,1.3,70,,95,130,85,water,fairy,21.2,7,1
789,Cosmog,29,30720,0,200,45,31,1250000,0.2,43,,29,31,37,psychic,,0.1,7,1
790,Cosmoem,29,30720,0,400,45,131,1250000,0.1,43,,29,131,37,psychic,,999.9,7,1
791,Solgaleo,137,30720,0,680,45,107,1250000,3.4,137,,113,89,97,psychic,steel,230.0,7,1
792,Lunala,113,30720,0,680,45,89,1250000,4.0,137,,137,107,97,psychic,ghost,120.0,7,1
793,Nihilego,53,30720,0,570,45,47,1250000,1.2,109,,127,131,103,rock,poison,55.5,7,1
794,Buzzwole,139,30720,0,570,25,139,1250000,2.4,107,,53,53,79,bug,fighting,333.6,7,1
795,Pheromosa,137,30720,0,570,255,37,1250000,1.8,71,,137,37,151,bug,fighting,25.0,7,1
796,Xurkitree,89,30720,0,570,30,71,1250000,3.8,83,,173,71,83,electric,,100.0,7,1
797,Celesteela,101,30720,0,570,25,103,1250000,9.2,97,,107,101,61,steel,flying,999.9,7,1
798,Kartana,181,30720,0,570,255,131,1250000,0.3,59,,59,31,109,grass,steel,0.1,7,1
799,Guzzlord,101,30720,0,570,15,53,1250000,5.5,223,,97,53,43,dark,dragon,888.0,7,1
800,Necrozma,107,30720,0,600,3,101,1250000,2.4,97,,127,89,79,psychic,,230.0,7,1
801,Magearna,95,30720,0,600,3,115,1250000,1.0,80,,130,115,65,steel,fairy,80.5,7,1